DEW167_AAACAAAC_CATCTCCC,167,GCGAAAAAGCCTTTGGTCCG,1
DEW167_AAACAAAC_GTTTGTTT,166,GCCTTTGGTAACACTCACAC,1
DEW167_AAACACGG_GAAGTGCC,49,AGCAATCGAGGAGCTAGCTC,1
DEW167_AAACACTA_ATATAGGA,49,AGCAATCGAGGAGCTAGCTC,1
DEW167_AAACCGCC_GTACACTC,228,TTGGACGCGGATTTCCTTTT,1
DEW167_AAACCGCC_TGGCTACC,1,GAAAAAATTCCAAATTTACA,3
DEW167_AAACCGCC_TGGCTACC,120,CGGGAACCTAGAAAGGGTAA,2
DEW167_AAACGATC_CGTGGATA,64,ATAACTCAGCACAGAAGGTC,1
DEW167_AAACGATC_GGTTTCTC,8,AAAGGGACTCATACACAACC,1
DEW167_AAACGTGA_GGTTAGTG,202,TACACAAGGAAGCAGTATAA,1
DEW167_AAAGAGGC_CGAACGTA,228,TTGGACGCGGATTTCCTTTT,2
DEW167_AAAGTCAT_TGCGTATC,172,GCGTCGTAACCTATATAAGG,1
DEW167_AAAGTCAT_TGCTCCGT,192,GTTGCCTTCGATATAGCGCC,1
DEW167_AAATAGCA_TTGGATCG,120,CGGGAACCTAGAAAGGGTAA,1
DEW167_AAATTCCG_AACCCTTG,27,CGTAGCTGACATGGACTAAG,20
DEW167_AAATTCCG_CCCATCTG,165,GCCTCCCATCATAAACCCTG,1
DEW167_AAATTCCG_CCCATCTG,192,GTTGCCTTCGATATAGCGCC,1
DEW167_AAATTCCG_CCTATTCA,27,CGTAGCTGACATGGACTAAG,2
DEW167_AAATTCCG_CCTATTCA,131,CTACGATAAAACAGGCCGAA,1
DEW167_AACAGCGG_AGAGACTA,49,AGCAATCGAGGAGCTAGCTC,1
DEW167_AACAGCGG_ATATACCT,66,ATCAACTACCGAGTAGTCCT,1
DEW167_AACGATTT_CGGGTAGT,145,CTTAACAATTACCACAGGGA,1
DEW167_AACGATTT_GGCCCTTA,74,CAAGTATGTAAGATGTGCCG,3
DEW167_AACGATTT_GGCCCTTA,120,CGGGAACCTAGAAAGGGTAA,9
DEW167_AACGATTT_GGCCCTTA,178,GGAGATTAATTGGATGTTGA,4
DEW167_AACGATTT_GGCCCTTA,199,TAAGCACGGTTTAAGAACCG,12
DEW167_AACGATTT_TTGGATCG,103,CCCTTCACTCACGCTACGAA,1
DEW167_AACGCCAA_ATGCATGG,167,GCGAAAAAGCCTTTGGTCCG,1
DEW167_AACGCCAA_GCAAGGAC,135,CTCACGGCGCGCGAGAACAT,1
DEW167_AACGGTAG_CTTCGCAC,8,AAAGGGACTCATACACAACC,1
DEW167_AACGGTAG_CTTCGCAC,123,CGGGGGTCTGCCTACACA,1
DEW167_AACGGTAG_CTTCGCAC,191,GTGTTGAGAAGTCTAGGACC,1
DEW167_AACGGTAG_GATTGCGA,30,AATTGAAAGGGACAGTTAAA,1
DEW167_AACGTTAC_GGCCCTTA,74,CAAGTATGTAAGATGTGCCG,1
DEW167_AACGTTAC_GTCCAAAG,119,CGGCACGTAAAAAAGTGGCG,1
DEW167_AACTCAGT_ACGAAACG,67,ATCAGCAGGGCTAAGCTATT,6
DEW167_AAGCCTTC_TCGGTTCG,192,GTTGCCTTCGATATAGCGCC,5
DEW167_AAGGATGA_GTTGCACG,49,AGCAATCGAGGAGCTAGCTC,1
DEW167_AAGGCGCT_AGTGATGC,172,GCGTCGTAACCTATATAAGG,1
DEW167_AAGGCGCT_TTAGGACC,199,TAAGCACGGTTTAAGAACCG,1
DEW167_AAGGGACC_TAACCCGT,173,GCTTAACCTGGTCAGGCGGA,1
DEW167_AAGTATTG_CGAGTCTG,172,GCGTCGTAACCTATATAAGG,1
DEW167_AAGTATTG_CGCTAATA,6,AAACATTCTCTGCGTAATAT,2
DEW167_AAGTATTG_CGCTAATA,103,CCCTTCACTCACGCTACGAA,5
DEW167_AAGTATTG_CGCTAATA,143,CTGTTAAGCATAGGACGCAA,6
DEW167_AAGTATTG_GACAACTT,101,CCCTCGGGGCCAGGCGATGC,1
DEW167_AAGTATTG_GATGTATT,17,AAGACTTACATCAAGCCCTT,1
DEW167_AAGTATTG_TGCGTATC,27,CGTAGCTGACATGGACTAAG,1
DEW167_AAGTCGGG_CGCTAATA,29,AATGGTGCTCAGCCCCTTAT,1
DEW167_AAGTCGGG_CGCTAATA,76,CACAGGAAGTAAAAAAACAG,1
DEW167_AAGTCGGG_CGCTAATA,169,GCGATTTCAAAAGCCCAGTT,1
DEW167_AAGTGAGA_CACGGACT,119,CGGCACGTAAAAAAGTGGCG,13
DEW167_AAGTGAGA_CACGGACT,167,GCGAAAAAGCCTTTGGTCCG,4
DEW167_AAGTTGTC_GCGCATTC,131,CTACGATAAAACAGGCCGAA,1
DEW167_AATACATC_AACAATCC,155,GAGTAATCGGCTGACCTGTC,1
DEW167_AATACATC_CAGATTAC,165,GCCTCCCATCATAAACCCTG,1
DEW167_AATACATC_GATGTGAG,46,AGAGAGGTGTACCGCGTAAT,1
DEW167_AATACATC_TCGAAGCT,149,GAATAAGAAGGAGAGCATTT,1
DEW167_AATACATC_TGGTATGA,65,ATAATCTGCGGCACGGTGGC,10
DEW167_AATACATC_TGGTATGA,167,GCGAAAAAGCCTTTGGTCCG,7
DEW167_AATACATC_TGGTATGA,198,TAAGATAAGCCAACTCCCAA,1
DEW167_AATACATC_TTCCAGAC,17,AAGACTTACATCAAGCCCTT,1
DEW167_AATATGAC_GCTCTAGT,178,GGAGATTAATTGGATGTTGA,1
DEW167_AATCGAAG_GAGCCCAT,167,GCGAAAAAGCCTTTGGTCCG,2
DEW167_AATCGAAG_GAGCCCAT,180,GGGAAAAAACATGAGCTCCG,1
DEW167_AATGGCGT_AATGAATG,74,CAAGTATGTAAGATGTGCCG,1
DEW167_ACAAAGAT_TCTGTGGT,22,AAGGGCCGTCCGGGCTAGTG,11
DEW167_ACAAAGAT_TCTGTGGT,31,ACACCAACAAAAGGGCCCTT,7
DEW167_ACAAAGAT_TCTGTGGT,192,GTTGCCTTCGATATAGCGCC,7
DEW167_ACATCTCG_TACAGCCG,9,AAATCTTAAGAGGAGAGCTT,1
DEW167_ACATGGAC_AGCGCCTT,68,ATGACACACCGTTGGGAAAG,1
DEW167_ACATGGAC_CAGTCCCT,167,GCGAAAAAGCCTTTGGTCCG,1
DEW167_ACCAAGGG_GAGCGGTA,27,CGTAGCTGACATGGACTAAG,8
DEW167_ACCAAGGG_GCCACATC,66,ATCAACTACCGAGTAGTCCT,1
DEW167_ACCACAGA_AGCTATGA,166,GCCTTTGGTAACACTCACAC,1
DEW167_ACCAGTTT_TAGTCGCA,172,GCGTCGTAACCTATATAAGG,1
DEW167_ACCCATGC_ACTCACCG,8,AAAGGGACTCATACACAACC,1
DEW167_ACCCATGC_ACTCACCG,131,CTACGATAAAACAGGCCGAA,1
DEW167_ACCCGATT_CTACGAGC,27,CGTAGCTGACATGGACTAAG,9
DEW167_ACCCTCAA_AAAGTCGG,173,GCTTAACCTGGTCAGGCGGA,1
DEW167_ACCGTCGA_TCGGTACG,49,AGCAATCGAGGAGCTAGCTC,2
DEW167_ACCGTCGA_TCGGTACG,68,ATGACACACCGTTGGGAAAG,3
DEW167_ACCGTCGA_TCGGTACG,135,CTCACGGCGCGCGAGAACAT,2
DEW167_ACCTGAAG_GAAAGACC,178,GGAGATTAATTGGATGTTGA,1
DEW167_ACCTGAAG_TGCTCCGT,59,AGTATTTAAAAAGCTCTACA,1
DEW167_ACGCTTAA_AGCGTAGG,65,ATAATCTGCGGCACGGTGGC,5
DEW167_ACGCTTAA_TGTAAAGG,39,ACTACAGACTCGGGTCAAAT,4
DEW167_ACGGGTTA_AACACACG,27,CGTAGCTGACATGGACTAAG,1
DEW167_ACGGTTGG_CAAGAGGG,119,CGGCACGTAAAAAAGTGGCG,1
DEW167_ACGTAAAC_CTGTCTGG,103,CCCTTCACTCACGCTACGAA,1
DEW167_ACTACCCG_CGGGCTTT,191,GTGTTGAGAAGTCTAGGACC,1
DEW167_ACTACCCG_GGGAAATC,27,CGTAGCTGACATGGACTAAG,2
DEW167_ACTAGAGC_AGTTTAGA,119,CGGCACGTAAAAAAGTGGCG,1
DEW167_ACTAGAGC_TACAGCCG,1,GAAAAAATTCCAAATTTACA,9
DEW167_ACTAGAGC_TACAGCCG,74,CAAGTATGTAAGATGTGCCG,5
DEW167_ACTAGAGC_TACAGCCG,120,CGGGAACCTAGAAAGGGTAA,2
DEW167_ACTAGAGC_TACAGCCG,157,GAGTTCCCCGAGTCATATCT,7
DEW167_ACTAGAGC_TACAGCCG,178,GGAGATTAATTGGATGTTGA,9
DEW167_ACTAGAGC_TACAGCCG,199,TAAGCACGGTTTAAGAACCG,12
DEW167_ACTGCTGG_CACGGACT,145,CTTAACAATTACCACAGGGA,1
DEW167_AGAAAGTG_CGCTAATA,6,AAACATTCTCTGCGTAATAT,1
DEW167_AGAAAGTG_CGCTAATA,66,ATCAACTACCGAGTAGTCCT,1
DEW167_AGAAAGTG_CGCTAATA,103,CCCTTCACTCACGCTACGAA,2
DEW167_AGAAAGTG_TGGCCTGT,111,CGATGGGGGAGCATAAAGGT,1
DEW167_AGAAGCTT_CACAGTTT,8,AAAGGGACTCATACACAACC,1
DEW167_AGAAGCTT_CACAGTTT,49,AGCAATCGAGGAGCTAGCTC,1
DEW167_AGAAGCTT_TGTGGCTA,167,GCGAAAAAGCCTTTGGTCCG,1
DEW167_AGAATCAA_GGATAAAG,213,TCGTAGTATATCTCCTTTAT,1
DEW167_AGACGAGG_TTGATTCT,143,CTGTTAAGCATAGGACGCAA,1
DEW167_AGACGAGG_TTGATTCT,173,GCTTAACCTGGTCAGGCGGA,1
DEW167_AGAGAGAC_AGCGCGAT,27,CGTAGCTGACATGGACTAAG,7
DEW167_AGAGAGAC_AGCGCGAT,33,ACACGTGGTACGCCCCTAAT,1
DEW167_AGAGGTGC_GGAGAAGC,49,AGCAATCGAGGAGCTAGCTC,1
DEW167_AGCGTGGT_TAACTACT,119,CGGCACGTAAAAAAGTGGCG,1
DEW167_AGCTCCAC_ATACCCAG,67,ATCAGCAGGGCTAAGCTATT,1
DEW167_AGCTCCAC_GGCATGCT,121,CGGGACGGAAAAAAATAGCG,1
DEW167_AGCTCCAC_GGTCTGAC,38,ACGGCTCACAGCTATCGTGA,1
DEW167_AGCTTCGA_TGATGCCC,213,TCGTAGTATATCTCCTTTAT,1
DEW167_AGGACACA_CCACATTA,202,TACACAAGGAAGCAGTATAA,1
DEW167_AGGAGTCG_CTCTTGAC,70,ATGGACTCTCTGTACTACTA,8
DEW167_AGGCGTTT_TGCTATTT,46,AGAGAGGTGTACCGCGTAAT,1
DEW167_AGGCGTTT_TTCCAGAC,165,GCCTCCCATCATAAACCCTG,1
DEW167_AGGCGTTT_TTCGCTGG,111,CGATGGGGGAGCATAAAGGT,1
DEW167_AGGGTAAA_ACTGAGTT,111,CGATGGGGGAGCATAAAGGT,1
DEW167_AGGTATAT_CACAACAG,49,AGCAATCGAGGAGCTAGCTC,1
DEW167_AGGTATAT_TGAAATGA,67,ATCAGCAGGGCTAAGCTATT,4
DEW167_AGGTTCCC_CTTCTGGA,67,ATCAGCAGGGCTAAGCTATT,10
DEW167_AGTAATGG_TGTGCTCA,39,ACTACAGACTCGGGTCAAAT,7
DEW167_AGTAATGG_TGTGCTCA,68,ATGACACACCGTTGGGAAAG,3
DEW167_AGTAATGG_TTATAGCC,8,AAAGGGACTCATACACAACC,1
DEW167_AGTAGTTA_GACAGATA,192,GTTGCCTTCGATATAGCGCC,1
DEW167_AGTAGTTA_GCACCTCT,119,CGGCACGTAAAAAAGTGGCG,14
DEW167_AGTAGTTA_GGCTACTA,67,ATCAGCAGGGCTAAGCTATT,5
DEW167_AGTCACAA_AACCCTTG,27,CGTAGCTGACATGGACTAAG,8
DEW167_AGTCACAA_TCCGTCCA,228,TTGGACGCGGATTTCCTTTT,3
DEW167_AGTGCTTC_ACACTAAG,103,CCCTTCACTCACGCTACGAA,1
DEW167_AGTTGAAC_CGAATAAT,30,AATTGAAAGGGACAGTTAAA,1
DEW167_AGTTGAAC_GCCTCTTT,17,AAGACTTACATCAAGCCCTT,8
DEW167_AGTTGAAC_GCCTCTTT,59,AGTATTTAAAAAGCTCTACA,9
DEW167_AGTTGAAC_GCCTCTTT,167,GCGAAAAAGCCTTTGGTCCG,3
DEW167_AGTTGCGG_CGTATCGG,119,CGGCACGTAAAAAAGTGGCG,16
DEW167_AGTTGCGG_GGTCACAG,19,AAGCCTAGGATTAGTTCAAT,3
DEW167_AGTTGCGG_GGTCACAG,68,ATGACACACCGTTGGGAAAG,1
DEW167_ATAACAGG_TCTCAACC,27,CGTAGCTGACATGGACTAAG,33
DEW167_ATACACCC_CCCTTGGT,49,AGCAATCGAGGAGCTAGCTC,1
DEW167_ATACACCC_GTCCATGT,191,GTGTTGAGAAGTCTAGGACC,1
DEW167_ATACTCTC_GCTTTCCA,119,CGGCACGTAAAAAAGTGGCG,1
DEW167_ATATGCAA_CAAGTCAT,74,CAAGTATGTAAGATGTGCCG,7
DEW167_ATATGCAA_CAAGTCAT,137,CTCAGCAGCCATGAACGCAG,1
DEW167_ATATGCAA_CAAGTCAT,157,GAGTTCCCCGAGTCATATCT,2
DEW167_ATATGCAA_CAAGTCAT,178,GGAGATTAATTGGATGTTGA,8
DEW167_ATATGCAA_CAAGTCAT,199,TAAGCACGGTTTAAGAACCG,6
DEW167_ATCAATCG_CATACATT,199,TAAGCACGGTTTAAGAACCG,1
DEW167_ATCAATCG_TACCAGGC,67,ATCAGCAGGGCTAAGCTATT,2
DEW167_ATCAATCG_TTGCATAT,199,TAAGCACGGTTTAAGAACCG,1
DEW167_ATCAGGGA_CCAACCGT,172,GCGTCGTAACCTATATAAGG,1
DEW167_ATCAGGGA_TTTAACAG,224,TTATCATCATGATGGGGGGC,1
DEW167_ATCCCACC_ATGACTTT,22,AAGGGCCGTCCGGGCTAGTG,1
DEW167_ATCCGCAT_AAGCGTAC,199,TAAGCACGGTTTAAGAACCG,1
DEW167_ATCCGCAT_CGGGTAGT,191,GTGTTGAGAAGTCTAGGACC,1
DEW167_ATCCGCAT_TCATCCTT,119,CGGCACGTAAAAAAGTGGCG,1
DEW167_ATCCTAGT_GTACCTTG,27,CGTAGCTGACATGGACTAAG,2
DEW167_ATCGTAAC_CTTACTCC,80,CACTTAGGCTCCTCGAATAT,10
DEW167_ATCTTGGC_CTGCGTTG,27,CGTAGCTGACATGGACTAAG,4
DEW167_ATCTTGGC_GGGAGGTA,83,CAGCAAGCGCATAGTTACTA,1
DEW167_ATGCATAT_CGTATCGG,130,CTACCAATGGATATAAGA,1
DEW167_ATGCGGAG_AGCTATGA,167,GCGAAAAAGCCTTTGGTCCG,1
DEW167_ATGCGGAG_GACAACTT,10,AACAAACATCATAAGCACTG,1
DEW167_ATGCGGAG_GACAACTT,12,AACATGTACTGTTATGGTCA,8
DEW167_ATGCGGAG_GACAACTT,25,AATAAATAACCTGGACTAAC,1
DEW167_ATGCGGAG_GACAACTT,101,CCCTCGGGGCCAGGCGATGC,2
DEW167_ATGCGGAG_GACAACTT,165,GCCTCCCATCATAAACCCTG,9
DEW167_ATGCGGAG_GATTTACC,49,AGCAATCGAGGAGCTAGCTC,1
DEW167_ATGCGGAG_GGAGAAGC,165,GCCTCCCATCATAAACCCTG,2
DEW167_ATGGTCTG_CGAGATGT,119,CGGCACGTAAAAAAGTGGCG,1
DEW167_ATTACCTT_CTTGGTGT,70,ATGGACTCTCTGTACTACTA,1
DEW167_ATTACCTT_GTTTACGT,27,CGTAGCTGACATGGACTAAG,1
DEW167_ATTATTCG_AAGGTAAT,68,ATGACACACCGTTGGGAAAG,1
DEW167_ATTATTCG_ACTGAGTT,191,GTGTTGAGAAGTCTAGGACC,1
DEW167_ATTATTCG_GAAGTGCC,15,AACGCCACAGGTGAAACAG,1
DEW167_ATTATTCG_GAAGTGCC,18,AAGCCCTCTTAAGCCTAGAG,1
DEW167_ATTCTGAG_CACAAGGC,119,CGGCACGTAAAAAAGTGGCG,1
DEW167_ATTCTGAG_CCTGTTAT,8,AAAGGGACTCATACACAACC,1
DEW167_ATTCTGAG_CGAACGTA,15,AACGCCACAGGTGAAACAG,1
DEW167_ATTGAAGT_GAGCCCAT,22,AAGGGCCGTCCGGGCTAGTG,2
DEW167_ATTGAAGT_GAGCCCAT,57,AGGGACTGGAATAAGCTAAG,1
DEW167_ATTGAAGT_GAGCCCAT,192,GTTGCCTTCGATATAGCGCC,4
DEW167_ATTGAAGT_GTCCAAAG,135,CTCACGGCGCGCGAGAACAT,1
DEW167_ATTGGCCC_CTCGCGTA,119,CGGCACGTAAAAAAGTGGCG,1
DEW167_ATTGGCCC_GTACCTTG,143,CTGTTAAGCATAGGACGCAA,1
DEW167_ATTGGCCC_TGCGACAG,136,CTCACTAGCCAGAAGGGCTT,6
DEW167_ATTGGCCC_TGCGACAG,167,GCGAAAAAGCCTTTGGTCCG,7
DEW167_ATTGGCCC_TGCGACAG,181,GGGGGAACTATCGAGATATTTCG,1
DEW167_ATTTCCAT_CGATTGAT,56,AGGCCCGATAGCCTGAAAAG,1
DEW167_ATTTCCAT_CTTCGATT,215,TGCCCCAGAAGCAGGGTAGG,1
DEW167_ATTTCCAT_TCATATGG,81,CAGAGAAGGCATAAACAACG,1
DEW167_ATTTCCAT_TCATATGG,101,CCCTCGGGGCCAGGCGATGC,10
DEW167_ATTTCCAT_TCATATGG,113,CGCAATAGACATACGAACCG,1
DEW167_ATTTCCAT_TCATATGG,165,GCCTCCCATCATAAACCCTG,8
DEW167_ATTTCCAT_TCATATGG,183,GGTACCTGACATAAACACCG,1
DEW167_ATTTGTTG_AGCTACGG,111,CGATGGGGGAGCATAAAGGT,1
DEW167_ATTTGTTG_GAACGATT,119,CGGCACGTAAAAAAGTGGCG,1
DEW167_ATTTGTTG_TGCCATCG,39,ACTACAGACTCGGGTCAAAT,1
DEW167_CAAACATT_TCGGTTTA,195,TAAAAAGACGACGCTCAGTG,8
DEW167_CAACGCAG_TACAAACT,17,AAGACTTACATCAAGCCCTT,1
DEW167_CAAGGAAT_ATACCCAG,27,CGTAGCTGACATGGACTAAG,1
DEW167_CAAGGAAT_ATCCCACG,8,AAAGGGACTCATACACAACC,8
DEW167_CAAGGAAT_ATCCCACG,130,CTACCAATGGATATAAGA,16
DEW167_CAAGGAAT_ATCCCACG,135,CTCACGGCGCGCGAGAACAT,4
DEW167_CAAGGAAT_ATCCCACG,191,GTGTTGAGAAGTCTAGGACC,4
DEW167_CAAGGGTT_ACGCTCAG,70,ATGGACTCTCTGTACTACTA,12
DEW167_CAAGGGTT_CCCATAGC,27,CGTAGCTGACATGGACTAAG,1
DEW167_CAATCTAG_TAAATAGG,8,AAAGGGACTCATACACAACC,9
DEW167_CAATCTAG_TAAATAGG,68,ATGACACACCGTTGGGAAAG,1
DEW167_CAATCTAG_TAAATAGG,130,CTACCAATGGATATAAGA,10
DEW167_CAATCTAG_TAAATAGG,191,GTGTTGAGAAGTCTAGGACC,3
DEW167_CAATCTAG_TAAATAGG,206,TAGATACCTATGTTTATTAG,5
DEW167_CAATCTAG_TGGTTTCT,168,GCGAAAGGCGAGCGAACGAA,1
DEW167_CACAACCT_ACCTTCTT,103,CCCTTCACTCACGCTACGAA,1
DEW167_CACAACCT_CTGTTCTT,119,CGGCACGTAAAAAAGTGGCG,1
DEW167_CACAAGTA_CCCTAACC,199,TAAGCACGGTTTAAGAACCG,1
DEW167_CACAAGTA_GATGTATT,17,AAGACTTACATCAAGCCCTT,30
DEW167_CACAAGTA_GATGTATT,59,AGTATTTAAAAAGCTCTACA,5
DEW167_CACAAGTA_GATGTATT,175,GGACATGACAGTTTTCTAAA,5
DEW167_CACTTGAT_CAGTCCCT,17,AAGACTTACATCAAGCCCTT,1
DEW167_CACTTGAT_CAGTCCCT,191,GTGTTGAGAAGTCTAGGACC,1
DEW167_CAGATGGG_TTGTTTAC,46,AGAGAGGTGTACCGCGTAAT,2
DEW167_CAGGTTGC_CCGCTGTT,105,CCTCTAAGCGAGAACAGCGC,1
DEW167_CAGTTTAA_CGCTCTCA,133,CTATCAAGAAATAGCATGTC,1
DEW167_CAGTTTAA_GCACCTCT,30,AATTGAAAGGGACAGTTAAA,1
DEW167_CAGTTTAA_TCTAGCAG,173,GCTTAACCTGGTCAGGCGGA,1
DEW167_CATGACGA_AGAAGTCC,130,CTACCAATGGATATAAGA,1
DEW167_CATGCTGC_CGAGATGT,199,TAAGCACGGTTTAAGAACCG,1
DEW167_CATTCATT_ACTGCCGT,8,AAAGGGACTCATACACAACC,4
DEW167_CATTCATT_ACTGCCGT,46,AGAGAGGTGTACCGCGTAAT,7
DEW167_CATTCATT_ACTGCCGT,49,AGCAATCGAGGAGCTAGCTC,5
DEW167_CATTCATT_ACTGCCGT,68,ATGACACACCGTTGGGAAAG,1
DEW167_CATTCATT_ACTGCCGT,131,CTACGATAAAACAGGCCGAA,14
DEW167_CATTCATT_ACTGCCGT,135,CTCACGGCGCGCGAGAACAT,16
DEW167_CATTCATT_AGGCAACG,105,CCTCTAAGCGAGAACAGCGC,1
DEW167_CATTCATT_TCATCCTT,179,GGCGAGTCGTGTGAATTCGT,1
DEW167_CATTCGGG_CCAACCGT,17,AAGACTTACATCAAGCCCTT,1
DEW167_CATTTCTA_ATCCGCTA,70,ATGGACTCTCTGTACTACTA,1
DEW167_CATTTCTA_TTAGTCCG,101,CCCTCGGGGCCAGGCGATGC,1
DEW167_CCACCTCT_GGTGACAC,178,GGAGATTAATTGGATGTTGA,1
DEW167_CCACGTTG_GAGCCCAT,213,TCGTAGTATATCTCCTTTAT,1
DEW167_CCAGCGAA_ACTAGCCA,68,ATGACACACCGTTGGGAAAG,1
DEW167_CCAGCGAA_ATGCGGAT,167,GCGAAAAAGCCTTTGGTCCG,1
DEW167_CCAGCGAA_GTAATCCC,32,ACACGCAATGAGGCAGAGTA,1
DEW167_CCAGCGAA_TCACCGAG,27,CGTAGCTGACATGGACTAAG,12
DEW167_CCAGCGAA_TTGATCTA,191,GTGTTGAGAAGTCTAGGACC,1
DEW167_CCATATGA_CAACGTGG,153,GAGCAAACAAACAAGAAC,1
DEW167_CCATATGA_TAACTACT,74,CAAGTATGTAAGATGTGCCG,1
DEW167_CCATATGA_TCCAGTCC,99,CCCATGTGTTGAAATTCACT,1
DEW167_CCATCCAC_ATTCAGTA,68,ATGACACACCGTTGGGAAAG,1
DEW167_CCATCCAC_CTGGTGCA,94,CCAGGGCGGAAAATAAGGAG,16
DEW167_CCATCGTC_CGCCTTGA,8,AAAGGGACTCATACACAACC,1
DEW167_CCATGCAT_ATTTCCGG,19,AAGCCTAGGATTAGTTCAAT,1
DEW167_CCATGCAT_GGCCTAAG,130,CTACCAATGGATATAAGA,1
DEW167_CCCGTTCT_GGTGACAC,27,CGTAGCTGACATGGACTAAG,1
DEW167_CCCGTTCT_GTGGATGG,33,ACACGTGGTACGCCCCTAAT,1
DEW167_CCCTCTTG_CTGAGTGC,199,TAAGCACGGTTTAAGAACCG,1
DEW167_CCCTCTTG_GGAGAAGC,67,ATCAGCAGGGCTAAGCTATT,1
DEW167_CCCTCTTG_GTTTGTTT,19,AAGCCTAGGATTAGTTCAAT,1
DEW167_CCCTCTTG_GTTTGTTT,26,AATACACCCAGGTTTCCATG,1
DEW167_CCCTGTTT_GTCAAAGA,166,GCCTTTGGTAACACTCACAC,1
DEW167_CCCTGTTT_TGGCTACC,119,CGGCACGTAAAAAAGTGGCG,2
DEW167_CCCTTGCA_ACAGCGGA,148,GAAGCAAACAAAACAATTGC,1
DEW167_CCCTTGCA_ACAGCGGA,192,GTTGCCTTCGATATAGCGCC,1
DEW167_CCCTTGCA_CCAACCGT,123,CGGGGGTCTGCCTACACA,1
DEW167_CCCTTGCA_CTCTTGAC,135,CTCACGGCGCGCGAGAACAT,1
DEW167_CCGACTTT_ATGGGCAC,59,AGTATTTAAAAAGCTCTACA,1
DEW167_CCGACTTT_CCCGAATG,226,TTGACGTTACACTGCAAACT,1
DEW167_CCGACTTT_TTATCTGT,74,CAAGTATGTAAGATGTGCCG,2
DEW167_CCGACTTT_TTATCTGT,178,GGAGATTAATTGGATGTTGA,3
DEW167_CCGACTTT_TTATCTGT,199,TAAGCACGGTTTAAGAACCG,8
DEW167_CCGAGATC_TTCGTTCC,27,CGTAGCTGACATGGACTAAG,1
DEW167_CCGATACG_CTCGATGC,213,TCGTAGTATATCTCCTTTAT,1
DEW167_CCGTCTTA_AAACAGGG,228,TTGGACGCGGATTTCCTTTT,1
DEW167_CCGTCTTA_ACGCCATT,119,CGGCACGTAAAAAAGTGGCG,1
DEW167_CCGTCTTA_CCAACCGT,27,CGTAGCTGACATGGACTAAG,1
DEW167_CCGTCTTA_TGAAATGA,156,GAGTACTCAACATGCTCGAA,1
DEW167_CCTACGCT_ATGACCGA,74,CAAGTATGTAAGATGTGCCG,4
DEW167_CCTACGCT_ATGACCGA,118,CGGATTATGTTCAGTAGGTC,16
DEW167_CCTACGCT_ATGACCGA,120,CGGGAACCTAGAAAGGGTAA,6
DEW167_CCTACGCT_ATGACCGA,199,TAAGCACGGTTTAAGAACCG,4
DEW167_CCTACGCT_ATGACCGA,201,TAATCGAAGCACAGGGAATT,3
DEW167_CCTACGCT_GGGCCAAT,27,CGTAGCTGACATGGACTAAG,1
DEW167_CCTACGCT_GGTTAGTG,39,ACTACAGACTCGGGTCAAAT,1
DEW167_CCTATTTA_AAACGCCT,103,CCCTTCACTCACGCTACGAA,1
DEW167_CCTATTTA_TGGTTTCT,47,AGATCCGAATACACCTATAC,5
DEW167_CCTATTTA_TGGTTTCT,83,CAGCAAGCGCATAGTTACTA,5
DEW167_CCTATTTA_TGGTTTCT,86,CATAGCCGATAAGAACAAAG,1
DEW167_CCTATTTA_TGGTTTCT,107,CGAGAATGTAATAAGCTAAG,1
DEW167_CCTATTTA_TGGTTTCT,108,CGAGACCGTCATAAGAAACG,1
DEW167_CCTATTTA_TGGTTTCT,115,CGGAACTAGAATAAGCTCAG,1
DEW167_CCTATTTA_TGGTTTCT,141,CTGCAGACTATAGGCGGATA,7
DEW167_CCTATTTA_TGGTTTCT,142,CTGGCGTAAAATAGAGGACC,1
DEW167_CCTATTTA_TGGTTTCT,146,CTTAATTCTAAAACAGACGT,1
DEW167_CCTATTTA_TGGTTTCT,150,GACTCCCAGCAGGCCTAGGG,3
DEW167_CCTATTTA_TGGTTTCT,182,GGTAAAACAAAAATAAGTCA,6
DEW167_CCTATTTA_TGGTTTCT,186,GTAACATGAAATAAGCCCCT,1
DEW167_CCTATTTA_TGGTTTCT,207,TCACAGTACGTACATCCTCT,9
DEW167_CCTATTTA_TGGTTTCT,210,TCCCAAGCTACGGTTTATTT,1
DEW167_CCTATTTA_TGGTTTCT,227,TTGAGGTTGGTTATGCCAAC,7
DEW167_CCTCATGA_CGAGATGT,74,CAAGTATGTAAGATGTGCCG,3
DEW167_CCTCATGA_CGAGATGT,148,GAAGCAAACAAAACAATTGC,7
DEW167_CCTCATGA_CGAGATGT,190,GTGTTCCTACACTGGACGAT,9
DEW167_CCTCATGA_CGAGATGT,199,TAAGCACGGTTTAAGAACCG,2
DEW167_CCTCATGA_CTTGGTGT,30,AATTGAAAGGGACAGTTAAA,1
DEW167_CGAACCGA_CTAGATTG,49,AGCAATCGAGGAGCTAGCTC,1
DEW167_CGAACCGA_CTAGATTG,192,GTTGCCTTCGATATAGCGCC,1
DEW167_CGAAGAAG_GGTTTCTC,165,GCCTCCCATCATAAACCCTG,1
DEW167_CGACATTT_CTGAGTGC,119,CGGCACGTAAAAAAGTGGCG,8
DEW167_CGACATTT_CTGAGTGC,167,GCGAAAAAGCCTTTGGTCCG,1
DEW167_CGACATTT_CTGAGTGC,173,GCTTAACCTGGTCAGGCGGA,2
DEW167_CGACATTT_CTTCGATT,39,ACTACAGACTCGGGTCAAAT,1
DEW167_CGACATTT_CTTCGATT,101,CCCTCGGGGCCAGGCGATGC,1
DEW167_CGATCCAA_CTTCGATT,178,GGAGATTAATTGGATGTTGA,1
DEW167_CGATCCAA_CTTCGATT,199,TAAGCACGGTTTAAGAACCG,1
DEW167_CGATCCAA_GAAAGACC,33,ACACGTGGTACGCCCCTAAT,1
DEW167_CGATCCAA_GAAAGACC,212,TCGACATTCGGTTGATACCA,2
DEW167_CGATGGCA_CACTTTCT,8,AAAGGGACTCATACACAACC,1
DEW167_CGATGGCA_CACTTTCT,49,AGCAATCGAGGAGCTAGCTC,4
DEW167_CGATGGCA_CACTTTCT,68,ATGACACACCGTTGGGAAAG,2
DEW167_CGATGGCA_CACTTTCT,130,CTACCAATGGATATAAGA,1
DEW167_CGATGGCA_CACTTTCT,191,GTGTTGAGAAGTCTAGGACC,1
DEW167_CGGACTAA_ACGCTCAG,74,CAAGTATGTAAGATGTGCCG,8
DEW167_CGGACTAA_ACGCTCAG,120,CGGGAACCTAGAAAGGGTAA,7
DEW167_CGGACTAA_ACGCTCAG,178,GGAGATTAATTGGATGTTGA,3
DEW167_CGGACTAA_ACGCTCAG,199,TAAGCACGGTTTAAGAACCG,4
DEW167_CGGACTAA_CTGTCTGG,218,TGCTTTCGCGCGAGAGAATT,1
DEW167_CGGTGAGT_GGCGTTAG,70,ATGGACTCTCTGTACTACTA,1
DEW167_CGGTGAGT_GTGGAGCT,17,AAGACTTACATCAAGCCCTT,5
DEW167_CGGTGAGT_GTGGAGCT,167,GCGAAAAAGCCTTTGGTCCG,1
DEW167_CGGTGAGT_GTGGAGCT,176,GGACATGCACCCTACATACC,1
DEW167_CGTCGAAT_ACTGAGTT,67,ATCAGCAGGGCTAAGCTATT,8
DEW167_CGTGCAAC_CCCAAGCA,103,CCCTTCACTCACGCTACGAA,1
DEW167_CGTGCAAC_CTGTCTGG,27,CGTAGCTGACATGGACTAAG,1
DEW167_CGTGGGAT_GTCGTCGT,39,ACTACAGACTCGGGTCAAAT,1
DEW167_CGTGGGAT_TTATAGCC,5,AAACAAAATGGATAAGTAAA,4
DEW167_CGTGGGAT_TTATAGCC,41,ACTGTCGGCAGTGTTCACTC,6
DEW167_CGTGGGAT_TTATAGCC,184,GGTATGGCCTTTGCCCATTG,4
DEW167_CGTGGGAT_TTATAGCC,187,GTAATAGGAGGCTATCCCAT,12
DEW167_CGTGTACA_ATTTCCGG,130,CTACCAATGGATATAAGA,3
DEW167_CGTGTACA_TGATGCCC,67,ATCAGCAGGGCTAAGCTATT,1
DEW167_CGTGTGTT_ACTCACCG,119,CGGCACGTAAAAAAGTGGCG,1
DEW167_CGTTTCGT_ACTTCAAT,179,GGCGAGTCGTGTGAATTCGT,1
DEW167_CGTTTCGT_TAGTGGAC,119,CGGCACGTAAAAAAGTGGCG,2
DEW167_CTAACGCC_GGAAACAG,15,AACGCCACAGGTGAAACAG,1
DEW167_CTAACGCC_GGAAACAG,39,ACTACAGACTCGGGTCAAAT,1
DEW167_CTAACGCC_TACAGCCG,1,GAAAAAATTCCAAATTTACA,1
DEW167_CTACGGGA_AGGAGCTT,64,ATAACTCAGCACAGAAGGTC,7
DEW167_CTACGGGA_AGGAGCTT,119,CGGCACGTAAAAAAGTGGCG,3
DEW167_CTACGGGA_AGGAGCTT,173,GCTTAACCTGGTCAGGCGGA,2
DEW167_CTACGGGA_CACAACAG,8,AAAGGGACTCATACACAACC,1
DEW167_CTAGACTA_AGCTATGA,166,GCCTTTGGTAACACTCACAC,1
DEW167_CTAGCACG_CCAACCGT,103,CCCTTCACTCACGCTACGAA,8
DEW167_CTAGCACG_CCAACCGT,143,CTGTTAAGCATAGGACGCAA,5
DEW167_CTAGTAGG_TCACCGAG,173,GCTTAACCTGGTCAGGCGGA,1
DEW167_CTCAAACA_TTAGGACC,101,CCCTCGGGGCCAGGCGATGC,1
DEW167_CTCACATC_ATCAAGTG,190,GTGTTCCTACACTGGACGAT,1
DEW167_CTCACATC_TGCCATCG,167,GCGAAAAAGCCTTTGGTCCG,1
DEW167_CTCACATC_TTCGTTCC,199,TAAGCACGGTTTAAGAACCG,1
DEW167_CTCCTCCA_GCAGCATG,67,ATCAGCAGGGCTAAGCTATT,7
DEW167_CTCTGCGT_TAGTGTTT,8,AAAGGGACTCATACACAACC,1
DEW167_CTCTGCGT_TAGTGTTT,191,GTGTTGAGAAGTCTAGGACC,1
DEW167_CTGAAGGG_AGGCAACG,27,CGTAGCTGACATGGACTAAG,1
DEW167_CTGCGATG_CCCTTCAG,27,CGTAGCTGACATGGACTAAG,1
DEW167_CTGCGATG_CCCTTCAG,135,CTCACGGCGCGCGAGAACAT,1
DEW167_CTGCGATG_TTCGGCCT,213,TCGTAGTATATCTCCTTTAT,1
DEW167_CTGCTAGA_GGTGACAC,27,CGTAGCTGACATGGACTAAG,4
DEW167_CTGGGTAT_CAGTTTGC,38,ACGGCTCACAGCTATCGTGA,1
DEW167_CTGGGTAT_GCGTTGCT,42,ACTTGCAGGGTAGGTGTCGT,1
DEW167_CTGGGTAT_GTTTGTTT,103,CCCTTCACTCACGCTACGAA,1
DEW167_CTGTCGCA_ACCACGCT,103,CCCTTCACTCACGCTACGAA,1
DEW167_CTGTGACC_TTGATCTA,59,AGTATTTAAAAAGCTCTACA,6
DEW167_CTGTGACC_TTGATCTA,187,GTAATAGGAGGCTATCCCAT,1
DEW167_CTGTTAAA_CAATTAGT,144,CTGTTAGGTTGATTTGCTTA,1
DEW167_CTGTTAAA_CAATTAGT,178,GGAGATTAATTGGATGTTGA,1
DEW167_CTGTTAAA_CGCTCTCA,192,GTTGCCTTCGATATAGCGCC,4
DEW167_CTGTTAAA_CGGCTTAC,74,CAAGTATGTAAGATGTGCCG,1
DEW167_CTGTTAAA_CGGCTTAC,145,CTTAACAATTACCACAGGGA,1
DEW167_CTGTTGTG_GCAGCATG,191,GTGTTGAGAAGTCTAGGACC,1
DEW167_CTGTTTCC_ATCCGCTA,70,ATGGACTCTCTGTACTACTA,1
DEW167_CTTAGGCC_TCCGTCCA,52,AGCTCAAAGCGACGATAG,1
DEW167_CTTAGGCC_TCCGTCCA,132,CTAGAGGTGGAACTATGTGG,1
DEW167_CTTAGGCC_TCCGTCCA,169,GCGATTTCAAAAGCCCAGTT,1
DEW167_CTTAGTGT_CTTCTTCG,101,CCCTCGGGGCCAGGCGATGC,2
DEW167_CTTAGTGT_CTTCTTCG,224,TTATCATCATGATGGGGGGC,1
DEW167_CTTCTACG_ACGTATAC,119,CGGCACGTAAAAAAGTGGCG,1
DEW167_CTTCTACG_ACGTATAC,144,CTGTTAGGTTGATTTGCTTA,1
DEW167_CTTTATCC_ACGAAACG,22,AAGGGCCGTCCGGGCTAGTG,11
DEW167_CTTTATCC_ACGAAACG,27,CGTAGCTGACATGGACTAAG,1
DEW167_CTTTATCC_ACGAAACG,54,AGGACAAGTACCGTGTAAG,1
DEW167_CTTTATCC_ACGAAACG,84,CAGCACAGTCAAAACTAGAG,1
DEW167_CTTTATCC_ACGAAACG,192,GTTGCCTTCGATATAGCGCC,9
DEW167_CTTTATCC_ATTCGACG,135,CTCACGGCGCGCGAGAACAT,1
DEW167_CTTTCACT_TACAAACT,8,AAAGGGACTCATACACAACC,1
DEW167_CTTTCACT_TACAAACT,167,GCGAAAAAGCCTTTGGTCCG,1
DEW167_CTTTCACT_TGATAACA,22,AAGGGCCGTCCGGGCTAGTG,7
DEW167_CTTTCACT_TGATAACA,192,GTTGCCTTCGATATAGCGCC,9
DEW167_CTTTCACT_TGGAGGAG,192,GTTGCCTTCGATATAGCGCC,1
DEW167_CTTTCACT_TTAAGCGT,119,CGGCACGTAAAAAAGTGGCG,1
DEW167_GAAATACG_AAGCTTCT,195,TAAAAAGACGACGCTCAGTG,2
DEW167_GAAGATAT_AAACTCGA,30,AATTGAAAGGGACAGTTAAA,1
DEW167_GAAGATAT_CGAGATGT,191,GTGTTGAGAAGTCTAGGACC,1
DEW167_GAATGCGC_GTATGAGT,119,CGGCACGTAAAAAAGTGGCG,3
DEW167_GAATGCGC_GTATGAGT,167,GCGAAAAAGCCTTTGGTCCG,7
DEW167_GACACCTG_AAGCGTAC,119,CGGCACGTAAAAAAGTGGCG,1
DEW167_GACTAGCG_CACAACAG,217,TGCGTTAGGAAAAACGCTGG,1
DEW167_GAGCGGAA_TTAAACTG,17,AAGACTTACATCAAGCCCTT,11
DEW167_GAGCGGAA_TTAAACTG,59,AGTATTTAAAAAGCTCTACA,1
DEW167_GAGCGGAA_TTAAACTG,175,GGACATGACAGTTTTCTAAA,5
DEW167_GAGCGGAA_TTAAACTG,187,GTAATAGGAGGCTATCCCAT,6
DEW167_GAGGAGTG_TCCAGGGA,119,CGGCACGTAAAAAAGTGGCG,1
DEW167_GAGGGTCA_ACCCACGA,192,GTTGCCTTCGATATAGCGCC,1
DEW167_GAGTGTAC_AGAGGTGG,191,GTGTTGAGAAGTCTAGGACC,1
DEW167_GAGTGTAC_TGGCTACC,148,GAAGCAAACAAAACAATTGC,1
DEW167_GATACGCA_GGTCCCTT,206,TAGATACCTATGTTTATTAG,1
DEW167_GATGCAGA_CGGCACAT,27,CGTAGCTGACATGGACTAAG,5
DEW167_GATGGTTA_AAACTGGT,167,GCGAAAAAGCCTTTGGTCCG,1
DEW167_GATGGTTA_GGACTTCC,166,GCCTTTGGTAACACTCACAC,1
DEW167_GATGGTTA_TCATATGG,167,GCGAAAAAGCCTTTGGTCCG,1
DEW167_GATTAAAG_ACTTCAAT,101,CCCTCGGGGCCAGGCGATGC,1
DEW167_GATTAAAG_TTCCGAGT,27,CGTAGCTGACATGGACTAAG,1
DEW167_GATTACTT_CAATACTT,218,TGCTTTCGCGCGAGAGAATT,1
DEW167_GATTACTT_GGTCACAG,167,GCGAAAAAGCCTTTGGTCCG,1
DEW167_GATTACTT_TGCAAGGG,70,ATGGACTCTCTGTACTACTA,1
DEW167_GATTGGGA_AGGCAGTT,89,CATTACTAATGTATAGTCTA,1
DEW167_GATTTCCC_CCTCGTCT,4,AAAAGCCCTGCCAGATAAAG,2
DEW167_GATTTCCC_CCTCGTCT,39,ACTACAGACTCGGGTCAAAT,3
DEW167_GATTTCCC_CCTCGTCT,68,ATGACACACCGTTGGGAAAG,4
DEW167_GCAAACTG_CCTACTAG,67,ATCAGCAGGGCTAAGCTATT,1
DEW167_GCAAACTG_CCTACTAG,68,ATGACACACCGTTGGGAAAG,1
DEW167_GCAAACTG_CCTACTAG,218,TGCTTTCGCGCGAGAGAATT,1
DEW167_GCAAACTG_CGTCAGCA,191,GTGTTGAGAAGTCTAGGACC,1
DEW167_GCAAACTG_TCGAAGCT,109,CGATAAATAAAGCCAAATTG,1
DEW167_GCACTCAG_CGCTCTCA,206,TAGATACCTATGTTTATTAG,3
DEW167_GCATCACT_CCCATAGC,136,CTCACTAGCCAGAAGGGCTT,7
DEW167_GCATCACT_CTTTCTTT,32,ACACGCAATGAGGCAGAGTA,3
DEW167_GCATCGAG_TACAAACT,213,TCGTAGTATATCTCCTTTAT,1
DEW167_GCGCTGAT_AGGATTCA,199,TAAGCACGGTTTAAGAACCG,1
DEW167_GCGCTGAT_CGTAGAAG,173,GCTTAACCTGGTCAGGCGGA,1
DEW167_GCGGTAAC_TCTCAACC,70,ATGGACTCTCTGTACTACTA,5
DEW167_GCGTATTC_ATGCGGAT,165,GCCTCCCATCATAAACCCTG,1
DEW167_GCGTATTC_CGCTCTCA,119,CGGCACGTAAAAAAGTGGCG,1
DEW167_GCTAAGTT_CGGACAAC,12,AACATGTACTGTTATGGTCA,1
DEW167_GCTACCGT_GATGTATT,166,GCCTTTGGTAACACTCACAC,1
DEW167_GCTATGGG_CATTTGTT,103,CCCTTCACTCACGCTACGAA,1
DEW167_GCTCGTAG_CGGAATTT,43,AGAAACTCTCATAAACAAAA,1
DEW167_GCTTCTCC_ATTCGACG,202,TACACAAGGAAGCAGTATAA,1
DEW167_GCTTCTCC_GATGTGAG,167,GCGAAAAAGCCTTTGGTCCG,1
DEW167_GCTTCTCC_TCCTTATT,119,CGGCACGTAAAAAAGTGGCG,1
DEW167_GGAAGTCC_TGGTATGA,80,CACTTAGGCTCCTCGAATAT,14
DEW167_GGACTGGA_TTCGTTCC,39,ACTACAGACTCGGGTCAAAT,1
DEW167_GGAGGTTT_CGGCTTAC,101,CCCTCGGGGCCAGGCGATGC,1
DEW167_GGAGTAAG_AGGATTCA,47,AGATCCGAATACACCTATAC,5
DEW167_GGAGTAAG_AGGATTCA,83,CAGCAAGCGCATAGTTACTA,2
DEW167_GGAGTAAG_AGGATTCA,116,CGGACCGGACATAAGCAAAG,1
DEW167_GGAGTAAG_AGGATTCA,117,CGGACTCAAAAAGCGCTAG,1
DEW167_GGAGTAAG_AGGATTCA,122,CGGGACTAACATGAAGCG,1
DEW167_GGAGTAAG_AGGATTCA,134,CTCAACTGCCACAAAGTGGC,1
DEW167_GGAGTAAG_AGGATTCA,139,CTGACTCAAACAGGCGCAA,1
DEW167_GGAGTAAG_AGGATTCA,141,CTGCAGACTATAGGCGGATA,4
DEW167_GGAGTAAG_AGGATTCA,146,CTTAATTCTAAAACAGACGT,4
DEW167_GGAGTAAG_AGGATTCA,150,GACTCCCAGCAGGCCTAGGG,3
DEW167_GGAGTAAG_AGGATTCA,200,TAAGGTAGATTAGGCTAAC,1
DEW167_GGAGTAAG_AGGATTCA,205,TACGAAGTCAGATCACCACG,3
DEW167_GGAGTAAG_AGGATTCA,227,TTGAGGTTGGTTATGCCAAC,8
DEW167_GGAGTAAG_GGAAACAG,130,CTACCAATGGATATAAGA,1
DEW167_GGAGTAAG_TGGAGGAG,8,AAAGGGACTCATACACAACC,1
DEW167_GGAGTAAG_TGGAGGAG,131,CTACGATAAAACAGGCCGAA,3
DEW167_GGAGTAAG_TGGAGGAG,135,CTCACGGCGCGCGAGAACAT,1
DEW167_GGAGTAAG_TGGAGGAG,205,TACGAAGTCAGATCACCACG,1
DEW167_GGATTGTT_CGGACAAC,70,ATGGACTCTCTGTACTACTA,1
DEW167_GGATTGTT_CGGACAAC,103,CCCTTCACTCACGCTACGAA,1
DEW167_GGCACTTC_TACAGCCG,119,CGGCACGTAAAAAAGTGGCG,9
DEW167_GGCACTTC_TACAGCCG,173,GCTTAACCTGGTCAGGCGGA,10
DEW167_GGCACTTC_TCCTTATT,76,CACAGGAAGTAAAAAAACAG,1
DEW167_GGCGACAA_TCATCCTT,119,CGGCACGTAAAAAAGTGGCG,1
DEW167_GGCTATAA_TCGGTACG,17,AAGACTTACATCAAGCCCTT,1
DEW167_GGCTATAA_TCGGTACG,103,CCCTTCACTCACGCTACGAA,1
DEW167_GGGATTAC_GAATTCGT,46,AGAGAGGTGTACCGCGTAAT,1
DEW167_GGGCATCA_TTGTTTAC,13,AACCAAAAACTGAGTGGCCA,1
DEW167_GGGTCATT_GTTACGAT,27,CGTAGCTGACATGGACTAAG,6
DEW167_GGGTCTAG_GCATGGGT,213,TCGTAGTATATCTCCTTTAT,1
DEW167_GGTCCTAA_GATCGTTT,17,AAGACTTACATCAAGCCCTT,1
DEW167_GGTCTTTC_GTTTGTTT,44,AGAAGCGAGTTATTTAGCGT,4
DEW167_GGTGTCGA_GATTAGAC,39,ACTACAGACTCGGGTCAAAT,1
DEW167_GGTTGAGA_AAATCGTT,27,CGTAGCTGACATGGACTAAG,4
DEW167_GGTTGAGA_GAGAGTAT,119,CGGCACGTAAAAAAGTGGCG,1
DEW167_GTAAGCCG_CGCTAATA,187,GTAATAGGAGGCTATCCCAT,1
DEW167_GTAAGCCG_GAGCGGTA,8,AAAGGGACTCATACACAACC,29
DEW167_GTAAGCCG_GAGCGGTA,46,AGAGAGGTGTACCGCGTAAT,18
DEW167_GTAAGCCG_GAGCGGTA,131,CTACGATAAAACAGGCCGAA,14
DEW167_GTAAGCCG_GAGCGGTA,135,CTCACGGCGCGCGAGAACAT,6
DEW167_GTAAGCCG_TTTATCAC,46,AGAGAGGTGTACCGCGTAAT,1
DEW167_GTAATCTG_AGCAGAAC,130,CTACCAATGGATATAAGA,1
DEW167_GTAATCTG_CGCCTTGA,105,CCTCTAAGCGAGAACAGCGC,1
DEW167_GTAATCTG_CGCCTTGA,178,GGAGATTAATTGGATGTTGA,1
DEW167_GTACGCTT_GCTTACCT,135,CTCACGGCGCGCGAGAACAT,1
DEW167_GTATACGT_CGAGATGT,165,GCCTCCCATCATAAACCCTG,1
DEW167_GTATTGAC_CCCTTGGT,32,ACACGCAATGAGGCAGAGTA,9
DEW167_GTATTGAC_TACCAGGC,96,CCATAAAAAAACGCTACGAA,1
DEW167_GTATTGAC_TGCTATTT,103,CCCTTCACTCACGCTACGAA,1
DEW167_GTATTGAC_TGTAGTTT,8,AAAGGGACTCATACACAACC,1
DEW167_GTATTGAC_TGTAGTTT,46,AGAGAGGTGTACCGCGTAAT,1
DEW167_GTCAAGAG_CCCATCTG,130,CTACCAATGGATATAAGA,1
DEW167_GTCAAGAG_CGTACCTA,67,ATCAGCAGGGCTAAGCTATT,1
DEW167_GTCAGACC_TGTAAAGG,8,AAAGGGACTCATACACAACC,1
DEW167_GTCCACTA_TTGTTTAC,103,CCCTTCACTCACGCTACGAA,1
DEW167_GTCCTTGC_GTGGATGG,32,ACACGCAATGAGGCAGAGTA,1
DEW167_GTCCTTGC_TGCCTCAC,12,AACATGTACTGTTATGGTCA,6
DEW167_GTCCTTGC_TGCCTCAC,165,GCCTCCCATCATAAACCCTG,9
DEW167_GTCTGGAA_AGAAGTCC,228,TTGGACGCGGATTTCCTTTT,1
DEW167_GTCTGGAA_TCATATGG,46,AGAGAGGTGTACCGCGTAAT,1
DEW167_GTCTGGAA_TCATATGG,131,CTACGATAAAACAGGCCGAA,1
DEW167_GTCTTCCT_TTGATTCT,165,GCCTCCCATCATAAACCCTG,1
DEW167_GTGAGGCA_ACAGCGGA,131,CTACGATAAAACAGGCCGAA,1
DEW167_GTGAGGCA_GTACCTTG,12,AACATGTACTGTTATGGTCA,1
DEW167_GTGAGGCA_GTACCTTG,59,AGTATTTAAAAAGCTCTACA,1
DEW167_GTGCCCAT_ACCCATAT,49,AGCAATCGAGGAGCTAGCTC,1
DEW167_GTGCCCAT_ACCCATAT,70,ATGGACTCTCTGTACTACTA,1
DEW167_GTGCGAAG_TCCCGTAG,1,GAAAAAATTCCAAATTTACA,1
DEW167_GTGCGAAG_TCCCGTAG,74,CAAGTATGTAAGATGTGCCG,1
DEW167_GTGCGAAG_TCCCGTAG,118,CGGATTATGTTCAGTAGGTC,1
DEW167_GTGGTGCT_CGGACAAC,101,CCCTCGGGGCCAGGCGATGC,1
DEW167_GTGGTGCT_CTATAGAG,55,AGGATTGGACAAATTGCACG,1
DEW167_GTTCTGCT_ACACTAAG,70,ATGGACTCTCTGTACTACTA,1
DEW167_GTTCTGCT_ATGACTTT,70,ATGGACTCTCTGTACTACTA,1
DEW167_GTTGTCCG_CCAACCGT,123,CGGGGGTCTGCCTACACA,1
DEW167_GTTGTCCG_CCTACTAG,8,AAAGGGACTCATACACAACC,1
DEW167_TAAACCGA_CGGCTTAC,67,ATCAGCAGGGCTAAGCTATT,1
DEW167_TAAACCGA_TAACCCGT,166,GCCTTTGGTAACACTCACAC,1
DEW167_TAACTTCT_ATCAGCGC,172,GCGTCGTAACCTATATAAGG,1
DEW167_TAACTTCT_ATTGGGCC,67,ATCAGCAGGGCTAAGCTATT,6
DEW167_TAACTTCT_TACGTGCT,199,TAAGCACGGTTTAAGAACCG,1
DEW167_TAAGGGCC_GCGTTGCT,20,AAGCTATAGTCATGGAGAG,1
DEW167_TAAGGGCC_GCGTTGCT,27,CGTAGCTGACATGGACTAAG,14
DEW167_TAAGGGCC_GCGTTGCT,74,CAAGTATGTAAGATGTGCCG,1
DEW167_TAAGGGCC_TTTACCCT,15,AACGCCACAGGTGAAACAG,1
DEW167_TAATCCAT_ACGAAACG,8,AAAGGGACTCATACACAACC,1
DEW167_TAATCCAT_TCATATGG,123,CGGGGGTCTGCCTACACA,2
DEW167_TACCCTGC_ATTGGGCC,173,GCTTAACCTGGTCAGGCGGA,1
DEW167_TACCCTGC_CGTGCTAG,39,ACTACAGACTCGGGTCAAAT,1
DEW167_TACCCTGC_CGTGCTAG,74,CAAGTATGTAAGATGTGCCG,1
DEW167_TACCGCTC_CCACATTA,173,GCTTAACCTGGTCAGGCGGA,1
DEW167_TACCGCTC_GTTGCACG,39,ACTACAGACTCGGGTCAAAT,1
DEW167_TACCTAAG_CTTCGATT,47,AGATCCGAATACACCTATAC,1
DEW167_TACCTAAG_CTTCGATT,119,CGGCACGTAAAAAAGTGGCG,1
DEW167_TACCTCCC_CGCCTTGA,100,CCCCAACAACTCGAGCGAAG,10
DEW167_TACCTCCC_CGCCTTGA,101,CCCTCGGGGCCAGGCGATGC,2
DEW167_TACCTCCC_CGCCTTGA,147,GAAACGAGACATAAACAACC,1
DEW167_TACCTCCC_CGCCTTGA,165,GCCTCCCATCATAAACCCTG,5
DEW167_TACCTCCC_GACAAAGG,178,GGAGATTAATTGGATGTTGA,1
DEW167_TACCTCCC_TATTGCCT,105,CCTCTAAGCGAGAACAGCGC,1
DEW167_TACGCGAG_CCTGACAC,145,CTTAACAATTACCACAGGGA,1
DEW167_TACGCGAG_GCCTCTTT,49,AGCAATCGAGGAGCTAGCTC,1
DEW167_TACGTTCG_CCAGCAGT,173,GCTTAACCTGGTCAGGCGGA,1
DEW167_TACTGAAT_GTAACGTT,24,AAGTGTAGGACAAATGGCTC,2
DEW167_TAGATCAA_GGTTTCTC,27,CGTAGCTGACATGGACTAAG,1
DEW167_TAGATCAA_TTGTGACT,213,TCGTAGTATATCTCCTTTAT,1
DEW167_TAGATCAA_TTTAACAG,49,AGCAATCGAGGAGCTAGCTC,1
DEW167_TAGGTACG_GAATTCGT,17,AAGACTTACATCAAGCCCTT,1
DEW167_TAGGTACG_TTCGCTGG,105,CCTCTAAGCGAGAACAGCGC,1
DEW167_TAGGTACG_TTCGCTGG,191,GTGTTGAGAAGTCTAGGACC,1
DEW167_TAGTAGCC_ATCAGCGC,74,CAAGTATGTAAGATGTGCCG,1
DEW167_TAGTAGCC_ATTCGACG,49,AGCAATCGAGGAGCTAGCTC,1
DEW167_TAGTAGCC_ATTCGACG,101,CCCTCGGGGCCAGGCGATGC,1
DEW167_TAGTAGCC_ATTCGACG,149,GAATAAGAAGGAGAGCATTT,1
DEW167_TAGTAGCC_TCCCGTAG,30,AATTGAAAGGGACAGTTAAA,1
DEW167_TAGTAGCC_TGTGTCCT,49,AGCAATCGAGGAGCTAGCTC,1
DEW167_TAGTCTCT_CACAGTTT,103,CCCTTCACTCACGCTACGAA,1
DEW167_TAGTCTCT_GAGGCTGA,97,CCATAATGAAACTAGACGAC,8
DEW167_TAGTCTCT_TCCAGGGA,119,CGGCACGTAAAAAAGTGGCG,14
DEW167_TATCCACG_CGGGTAGT,130,CTACCAATGGATATAAGA,1
DEW167_TATCCACG_CGGGTAGT,199,TAAGCACGGTTTAAGAACCG,1
DEW167_TATCTGTC_GCTCTAGT,1,GAAAAAATTCCAAATTTACA,10
DEW167_TATCTGTC_GCTCTAGT,74,CAAGTATGTAAGATGTGCCG,8
DEW167_TATCTGTC_GCTCTAGT,157,GAGTTCCCCGAGTCATATCT,4
DEW167_TATCTGTC_GCTCTAGT,178,GGAGATTAATTGGATGTTGA,10
DEW167_TATCTGTC_GCTCTAGT,199,TAAGCACGGTTTAAGAACCG,32
DEW167_TATTAGCG_GTCTCTCT,191,GTGTTGAGAAGTCTAGGACC,1
DEW167_TCAAATGG_TCATATGG,33,ACACGTGGTACGCCCCTAAT,1
DEW167_TCAAATGG_TCATATGG,212,TCGACATTCGGTTGATACCA,7
DEW167_TCAAGGCG_AAACTCGA,119,CGGCACGTAAAAAAGTGGCG,1
DEW167_TCAAGGCG_CTACTTGT,103,CCCTTCACTCACGCTACGAA,1
DEW167_TCATTTCA_TGTCTTTC,79,CACGCCTTGGGACAAGATAT,1
DEW167_TCCAGAAG_ACTAGCCA,192,GTTGCCTTCGATATAGCGCC,7
DEW167_TCCGACAC_TAGCCTCG,64,ATAACTCAGCACAGAAGGTC,1
DEW167_TCCGACAC_TTTATCAC,27,CGTAGCTGACATGGACTAAG,1
DEW167_TCGACTGC_GCGTTGCT,190,GTGTTCCTACACTGGACGAT,1
DEW167_TCGACTGC_TGCGACAG,111,CGATGGGGGAGCATAAAGGT,1
DEW167_TCGACTGC_TGCGACAG,130,CTACCAATGGATATAAGA,1
DEW167_TCGAGTTT_GGCGTTAG,178,GGAGATTAATTGGATGTTGA,1
DEW167_TCGTGGGT_ACTGCCGT,70,ATGGACTCTCTGTACTACTA,1
DEW167_TCGTGGGT_AGCACCAC,167,GCGAAAAAGCCTTTGGTCCG,1
DEW167_TCTAAACT_ACGCCATT,192,GTTGCCTTCGATATAGCGCC,1
DEW167_TCTGATTT_ACGTATAC,9,AAATCTTAAGAGGAGAGCTT,1
DEW167_TCTGATTT_ACGTATAC,173,GCTTAACCTGGTCAGGCGGA,1
DEW167_TGAATAGG_TATTGCCT,74,CAAGTATGTAAGATGTGCCG,1
DEW167_TGAGAGCG_CCCTAACC,27,CGTAGCTGACATGGACTAAG,1
DEW167_TGCACCAG_CCACATTA,49,AGCAATCGAGGAGCTAGCTC,1
DEW167_TGCACCAG_GGCGTTAG,70,ATGGACTCTCTGTACTACTA,14
DEW167_TGCCGGTA_ATTCCTTG,192,GTTGCCTTCGATATAGCGCC,1
DEW167_TGCCGGTA_CAGATTAC,105,CCTCTAAGCGAGAACAGCGC,1
DEW167_TGCCGGTA_CAGATTAC,119,CGGCACGTAAAAAAGTGGCG,1
DEW167_TGCCGGTA_TGACGGAC,105,CCTCTAAGCGAGAACAGCGC,1
DEW167_TGCTGACG_GACAAAGG,70,ATGGACTCTCTGTACTACTA,1
DEW167_TGCTGACG_GACAAAGG,192,GTTGCCTTCGATATAGCGCC,2
DEW167_TGCTTCAT_AGGATTCA,192,GTTGCCTTCGATATAGCGCC,1
DEW167_TGCTTGGG_CACTCCTC,201,TAATCGAAGCACAGGGAATT,1
DEW167_TGCTTGGG_CGCTCTCA,11,AACACATAACTCAGAATGGT,3
DEW167_TGCTTGGG_CGCTCTCA,120,CGGGAACCTAGAAAGGGTAA,3
DEW167_TGCTTGGG_CGCTCTCA,170,GCGCAACGCACGCTACGGGA,4
DEW167_TGCTTGGG_CGCTCTCA,199,TAAGCACGGTTTAAGAACCG,3
DEW167_TGCTTGGG_CGCTCTCA,201,TAATCGAAGCACAGGGAATT,2
DEW167_TGGACGGA_AAACCTCC,202,TACACAAGGAAGCAGTATAA,1
DEW167_TGGACGGA_CTTCTTCG,119,CGGCACGTAAAAAAGTGGCG,2
DEW167_TGGACGGA_CTTCTTCG,173,GCTTAACCTGGTCAGGCGGA,9
DEW167_TGGCTAGT_CGTATTTC,143,CTGTTAAGCATAGGACGCAA,1
DEW167_TGGCTAGT_TCACGTTT,119,CGGCACGTAAAAAAGTGGCG,2
DEW167_TGGGAATT_CGGCTTAC,67,ATCAGCAGGGCTAAGCTATT,1
DEW167_TGGTTAAC_ATTCCTTG,220,TGGAAGTTAGTTATGCCAAC,1
DEW167_TGGTTAAC_CATCTCCC,173,GCTTAACCTGGTCAGGCGGA,1
DEW167_TGGTTAAC_TTGCATAT,59,AGTATTTAAAAAGCTCTACA,1
DEW167_TGTTATCA_AATGTTTG,45,AGAAGCGGGCATAAGCTAAG,1
DEW167_TGTTATCA_ATGACCGA,103,CCCTTCACTCACGCTACGAA,1
DEW167_TGTTATCA_TGATAACA,3,AAAACAGCGCATAAGAACAG,1
DEW167_TGTTATCA_TGATAACA,199,TAAGCACGGTTTAAGAACCG,2
DEW168_AAACAAAC_ATGGATTA,191,GTGTTGAGAAGTCTAGGACC,1
DEW168_AAACACGG_AGTGAAAG,173,GCTTAACCTGGTCAGGCGGA,1
DEW168_AAACACGG_ATCAGCGC,103,CCCTTCACTCACGCTACGAA,2
DEW168_AAACACGG_CAATACTT,70,ATGGACTCTCTGTACTACTA,1
DEW168_AAACACTA_AGCACCAC,143,CTGTTAAGCATAGGACGCAA,1
DEW168_AAACACTA_ATATAGGA,68,ATGACACACCGTTGGGAAAG,1
DEW168_AAACACTA_TAAATAGG,223,TGTTATTATCATTATGTTTA,1
DEW168_AAACCGCC_TACTTGTG,8,AAAGGGACTCATACACAACC,1
DEW168_AAACGATC_AAACCTCC,165,GCCTCCCATCATAAACCCTG,1
DEW168_AAACGATC_GAGAATTG,167,GCGAAAAAGCCTTTGGTCCG,1
DEW168_AAACGATC_GAGAATTG,173,GCTTAACCTGGTCAGGCGGA,3
DEW168_AAACTACA_AATGTTTG,12,AACATGTACTGTTATGGTCA,1
DEW168_AAACTACA_ACTAGGAT,27,CGTAGCTGACATGGACTAAG,1
DEW168_AAACTACA_CACGGACT,101,CCCTCGGGGCCAGGCGATGC,5
DEW168_AAACTACA_CACGGACT,165,GCCTCCCATCATAAACCCTG,1
DEW168_AAACTACA_GCAGGGTA,143,CTGTTAAGCATAGGACGCAA,1
DEW168_AAAGAAAG_TTGAGGGT,15,AACGCCACAGGTGAAACAG,1
DEW168_AAAGAGGC_CGAACGTA,228,TTGGACGCGGATTTCCTTTT,2
DEW168_AAAGAGGC_TGCGTATC,119,CGGCACGTAAAAAAGTGGCG,5
DEW168_AAAGCCCG_CACAACAG,74,CAAGTATGTAAGATGTGCCG,1
DEW168_AAAGTCAT_GCTTTGGC,123,CGGGGGTCTGCCTACACA,1
DEW168_AAATAGCA_CTCGATGC,166,GCCTTTGGTAACACTCACAC,1
DEW168_AAATAGCA_GAGCGGTA,49,AGCAATCGAGGAGCTAGCTC,1
DEW168_AAATAGCA_GTTACGAT,49,AGCAATCGAGGAGCTAGCTC,1
DEW168_AAATAGCA_TACTTGTG,226,TTGACGTTACACTGCAAACT,1
DEW168_AAATAGCA_TCCAGGGA,27,CGTAGCTGACATGGACTAAG,1
DEW168_AAATAGCA_TGATAACA,195,TAAAAAGACGACGCTCAGTG,5
DEW168_AAATAGCA_TGTAGTTT,32,ACACGCAATGAGGCAGAGTA,1
DEW168_AAATTCCG_CCTATTCA,38,ACGGCTCACAGCTATCGTGA,1
DEW168_AAATTCCG_CCTATTCA,39,ACTACAGACTCGGGTCAAAT,1
DEW168_AAATTCCG_CCTATTCA,131,CTACGATAAAACAGGCCGAA,1
DEW168_AAATTCCG_GGTTTCTC,169,GCGATTTCAAAAGCCCAGTT,1
DEW168_AACAAATG_AGGTTGTG,119,CGGCACGTAAAAAAGTGGCG,6
DEW168_AACAAATG_CTGTCTGG,217,TGCGTTAGGAAAAACGCTGG,1
DEW168_AACAGAAC_GGTCACAG,70,ATGGACTCTCTGTACTACTA,1
DEW168_AACAGCGG_ACTCACCG,119,CGGCACGTAAAAAAGTGGCG,5
DEW168_AACGATTT_CTTCTGGA,135,CTCACGGCGCGCGAGAACAT,1
DEW168_AACGATTT_CTTCTGGA,206,TAGATACCTATGTTTATTAG,1
DEW168_AACTCAGT_CTTTAATC,21,AAGGACAACATCCCATGGAC,10
DEW168_AACTCAGT_CTTTAATC,75,CAAGTTGCCTAAGGCGAAGG,2
DEW168_AACTCAGT_CTTTAATC,85,CATAATAAAGACGCCTCAAC,4
DEW168_AACTCAGT_CTTTAATC,154,GAGGTGAAACGCGACGAGGG,2
DEW168_AACTCAGT_CTTTAATC,218,TGCTTTCGCGCGAGAGAATT,10
DEW168_AACTCAGT_CTTTAATC,221,TGGACGGGATTCCATCCCAC,7
DEW168_AAGAACAG_CGGCTTAC,15,AACGCCACAGGTGAAACAG,1
DEW168_AAGAACAG_CGGCTTAC,222,TGTGTGCGCCTATAGCAAGG,1
DEW168_AAGAGTAT_ACTTCAAT,74,CAAGTATGTAAGATGTGCCG,8
DEW168_AAGAGTAT_ACTTCAAT,148,GAAGCAAACAAAACAATTGC,8
DEW168_AAGAGTAT_ACTTCAAT,190,GTGTTCCTACACTGGACGAT,9
DEW168_AAGAGTAT_ACTTCAAT,199,TAAGCACGGTTTAAGAACCG,12
DEW168_AAGCTCCT_ACTTCAAT,199,TAAGCACGGTTTAAGAACCG,1
DEW168_AAGCTCCT_CTCGCGTA,8,AAAGGGACTCATACACAACC,1
DEW168_AAGGATGA_TAGTCGCA,192,GTTGCCTTCGATATAGCGCC,10
DEW168_AAGGCGCT_ATATACCT,8,AAAGGGACTCATACACAACC,1
DEW168_AAGGCGCT_TGTAAAGG,67,ATCAGCAGGGCTAAGCTATT,1
DEW168_AAGGGACC_GAGAGTAT,27,CGTAGCTGACATGGACTAAG,10
DEW168_AAGTATTG_AAAGTCGG,119,CGGCACGTAAAAAAGTGGCG,1
DEW168_AAGTATTG_CAGATTAC,30,AATTGAAAGGGACAGTTAAA,1
DEW168_AAGTATTG_GGAATAGA,119,CGGCACGTAAAAAAGTGGCG,1
DEW168_AAGTATTG_TAGTGTTT,167,GCGAAAAAGCCTTTGGTCCG,1
DEW168_AAGTCGGG_CCGCAACT,79,CACGCCTTGGGACAAGATAT,1
DEW168_AAGTCGGG_TGACGGAC,119,CGGCACGTAAAAAAGTGGCG,1
DEW168_AAGTTGTC_ACTGCCGT,119,CGGCACGTAAAAAAGTGGCG,1
DEW168_AAGTTGTC_TCGAAGCT,8,AAAGGGACTCATACACAACC,1
DEW168_AATACATC_ACGCTCAG,222,TGTGTGCGCCTATAGCAAGG,1
DEW168_AATACATC_AGGAGCTT,12,AACATGTACTGTTATGGTCA,1
DEW168_AATACATC_GCTTACCT,191,GTGTTGAGAAGTCTAGGACC,1
DEW168_AATATGAC_GCCTCTTT,144,CTGTTAGGTTGATTTGCTTA,1
DEW168_AATCCGGC_GATCGTTT,30,AATTGAAAGGGACAGTTAAA,1
DEW168_AATCCGGC_GTTACGAT,119,CGGCACGTAAAAAAGTGGCG,1
DEW168_AATCGAAG_GGTCCCTT,12,AACATGTACTGTTATGGTCA,3
DEW168_AATCGAAG_GGTCCCTT,16,AAGACCTGCGATAAGCAACT,1
DEW168_AATCGAAG_GGTCCCTT,65,ATAATCTGCGGCACGGTGGC,1
DEW168_AATCGAAG_GGTCCCTT,101,CCCTCGGGGCCAGGCGATGC,2
DEW168_AATCGAAG_GGTCCCTT,165,GCCTCCCATCATAAACCCTG,2
DEW168_AATCGAAG_GGTCCCTT,167,GCGAAAAAGCCTTTGGTCCG,1
DEW168_AATCGTTC_ACTAGCCA,26,AATACACCCAGGTTTCCATG,1
DEW168_AATCGTTC_ATACTCTT,39,ACTACAGACTCGGGTCAAAT,1
DEW168_AATCGTTC_GACGATGG,49,AGCAATCGAGGAGCTAGCTC,1
DEW168_AATCGTTC_GGCCTAAG,119,CGGCACGTAAAAAAGTGGCG,1
DEW168_AATGGCGT_CTACGAGC,65,ATAATCTGCGGCACGGTGGC,14
DEW168_ACAAAGAT_TTGTCGCC,49,AGCAATCGAGGAGCTAGCTC,1
DEW168_ACAAGTAG_TAAATAGG,32,ACACGCAATGAGGCAGAGTA,7
DEW168_ACAGATAA_AGCAGAAC,119,CGGCACGTAAAAAAGTGGCG,9
DEW168_ACAGATAA_GTACCTTG,22,AAGGGCCGTCCGGGCTAGTG,2
DEW168_ACATCTCG_AGAACGGG,76,CACAGGAAGTAAAAAAACAG,1
DEW168_ACATCTCG_AGAACGGG,132,CTAGAGGTGGAACTATGTGG,1
DEW168_ACATCTCG_GCAAGGAC,155,GAGTAATCGGCTGACCTGTC,1
DEW168_ACATCTCG_TTGATCTA,30,AATTGAAAGGGACAGTTAAA,1
DEW168_ACATGGAC_CTAGATTG,119,CGGCACGTAAAAAAGTGGCG,1
DEW168_ACATGGAC_CTTACTCC,74,CAAGTATGTAAGATGTGCCG,1
DEW168_ACATGGAC_CTTACTCC,150,GACTCCCAGCAGGCCTAGGG,1
DEW168_ACCAACCC_TTAAGCGT,73,CAAGATGCCAGAGCACTCCA,6
DEW168_ACCAAGGG_ATATACCT,12,AACATGTACTGTTATGGTCA,1
DEW168_ACCAAGGG_GCCACATC,8,AAAGGGACTCATACACAACC,1
DEW168_ACCAAGGG_TGCTATTT,191,GTGTTGAGAAGTCTAGGACC,2
DEW168_ACCACAGA_CAGTCCCT,27,CGTAGCTGACATGGACTAAG,1
DEW168_ACCAGTTT_CGTATTTC,119,CGGCACGTAAAAAAGTGGCG,1
DEW168_ACCAGTTT_TTCGGCCT,39,ACTACAGACTCGGGTCAAAT,1
DEW168_ACCCATGC_CCCTTGGT,80,CACTTAGGCTCCTCGAATAT,5
DEW168_ACCCATGC_CCCTTGGT,152,GAGAATTGCGCTCAATAATA,8
DEW168_ACCCATGC_TGACCAGT,173,GCTTAACCTGGTCAGGCGGA,1
DEW168_ACCCGATT_CATCTCCC,70,ATGGACTCTCTGTACTACTA,15
DEW168_ACCCGATT_CCCTAACC,167,GCGAAAAAGCCTTTGGTCCG,1
DEW168_ACCCGATT_CTCTTGAC,195,TAAAAAGACGACGCTCAGTG,5
DEW168_ACCCTCAA_GAGAATTG,27,CGTAGCTGACATGGACTAAG,1
DEW168_ACGACGAC_GGGTGTAT,70,ATGGACTCTCTGTACTACTA,7
DEW168_ACGCTTAA_CTTCTGGA,64,ATAACTCAGCACAGAAGGTC,1
DEW168_ACGGAGCA_ATGAAGCA,49,AGCAATCGAGGAGCTAGCTC,1
DEW168_ACGGGTTA_CTTAGGTA,49,AGCAATCGAGGAGCTAGCTC,1
DEW168_ACGGTTGG_TTGCACGC,8,AAAGGGACTCATACACAACC,1
DEW168_ACGGTTGG_TTGCACGC,130,CTACCAATGGATATAAGA,1
DEW168_ACGGTTGG_TTGCACGC,191,GTGTTGAGAAGTCTAGGACC,2
DEW168_ACGTAAAC_TCATATGG,27,CGTAGCTGACATGGACTAAG,1
DEW168_ACGTAAAC_TTCCGCTC,36,ACCACCGGGGATGAACAAAT,1
DEW168_ACTACCCG_ACCCACGA,22,AAGGGCCGTCCGGGCTAGTG,1
DEW168_ACTACCCG_TGCGTATC,123,CGGGGGTCTGCCTACACA,1
DEW168_ACTAGAGC_TTATCTGT,1,GAAAAAATTCCAAATTTACA,1
DEW168_ACTGGTCA_ACTAGCCA,33,ACACGTGGTACGCCCCTAAT,5
DEW168_ACTGGTCA_ACTAGCCA,167,GCGAAAAAGCCTTTGGTCCG,3
DEW168_ACTGGTCA_ACTAGCCA,187,GTAATAGGAGGCTATCCCAT,1
DEW168_ACTGGTCA_ACTAGCCA,212,TCGACATTCGGTTGATACCA,5
DEW168_ACTGGTCA_GCAAGGAC,111,CGATGGGGGAGCATAAAGGT,1
DEW168_AGAAAGTG_AGCTATGA,49,AGCAATCGAGGAGCTAGCTC,1
DEW168_AGAAAGTG_ATTTCCGG,195,TAAAAAGACGACGCTCAGTG,1
DEW168_AGAAAGTG_GTTACCGC,228,TTGGACGCGGATTTCCTTTT,1
DEW168_AGAAAGTG_TCGAAGCT,29,AATGGTGCTCAGCCCCTTAT,1
DEW168_AGAAGCTT_CCCGACTT,119,CGGCACGTAAAAAAGTGGCG,14
DEW168_AGAAGCTT_CCCGACTT,167,GCGAAAAAGCCTTTGGTCCG,7
DEW168_AGAATCAA_AACACACG,135,CTCACGGCGCGCGAGAACAT,1
DEW168_AGAATCAA_CACGGACT,61,AGTGGCATAGATGAACAACT,1
DEW168_AGAATCAA_TAGCCTCG,59,AGTATTTAAAAAGCTCTACA,1
DEW168_AGACGAGG_AGACACCA,101,CCCTCGGGGCCAGGCGATGC,6
DEW168_AGACGAGG_AGACACCA,165,GCCTCCCATCATAAACCCTG,7
DEW168_AGACGAGG_AGACACCA,224,TTATCATCATGATGGGGGGC,2
DEW168_AGACGAGG_TACAAACT,67,ATCAGCAGGGCTAAGCTATT,2
DEW168_AGAGAGAC_CAACAAAT,177,GGACGCCTATAAGCTGTTCT,2
DEW168_AGAGGTGC_TAGCCTCG,66,ATCAACTACCGAGTAGTCCT,1
DEW168_AGAGGTGC_TAGCCTCG,167,GCGAAAAAGCCTTTGGTCCG,2
DEW168_AGAGGTGC_TTGCATAT,101,CCCTCGGGGCCAGGCGATGC,1
DEW168_AGCAACGC_AGCGCGAT,70,ATGGACTCTCTGTACTACTA,1
DEW168_AGCACGTA_AAAGCCTA,68,ATGACACACCGTTGGGAAAG,1
DEW168_AGCGTGGT_TAACTACT,17,AAGACTTACATCAAGCCCTT,1
DEW168_AGCGTGGT_TAACTACT,191,GTGTTGAGAAGTCTAGGACC,1
DEW168_AGCTCCAC_CAACGTGG,119,CGGCACGTAAAAAAGTGGCG,1
DEW168_AGGACACA_ATGGGCAC,70,ATGGACTCTCTGTACTACTA,1
DEW168_AGGACACA_CCTACTAG,173,GCTTAACCTGGTCAGGCGGA,1
DEW168_AGGACACA_GCAGCATG,167,GCGAAAAAGCCTTTGGTCCG,1
DEW168_AGGAGTCG_AAACAGGG,192,GTTGCCTTCGATATAGCGCC,1
DEW168_AGGAGTCG_TGAGGTCT,228,TTGGACGCGGATTTCCTTTT,4
DEW168_AGGCCGAA_ATATACCT,145,CTTAACAATTACCACAGGGA,1
DEW168_AGGCGTTT_CCCGAATG,49,AGCAATCGAGGAGCTAGCTC,1
DEW168_AGGCGTTT_CCGCAACT,8,AAAGGGACTCATACACAACC,2
DEW168_AGGCGTTT_CCGCAACT,46,AGAGAGGTGTACCGCGTAAT,9
DEW168_AGGCGTTT_CCGCAACT,68,ATGACACACCGTTGGGAAAG,3
DEW168_AGGCGTTT_CCGCAACT,131,CTACGATAAAACAGGCCGAA,5
DEW168_AGGCGTTT_TGCTATTT,90,CCAAAATGAAATAGGGGAAA,1
DEW168_AGGGTAAA_ACTGAGTT,70,ATGGACTCTCTGTACTACTA,1
DEW168_AGGTAAGC_CAATTAGT,192,GTTGCCTTCGATATAGCGCC,1
DEW168_AGGTAAGC_GCATGGGT,124,CGGTAACATATCCCTGCTGT,2
DEW168_AGGTATAT_CTTCGCAC,106,CGACAGGACCCAATTGTGTT,1
DEW168_AGGTATAT_CTTCGCAC,181,GGGGGAACTATCGAGATATTTCG,1
DEW168_AGGTATAT_GCATGGGT,181,GGGGGAACTATCGAGATATTTCG,1
DEW168_AGTAGTTA_AGCTACGG,172,GCGTCGTAACCTATATAAGG,10
DEW168_AGTAGTTA_CCAACCGT,192,GTTGCCTTCGATATAGCGCC,1
DEW168_AGTAGTTA_TAACCATC,119,CGGCACGTAAAAAAGTGGCG,8
DEW168_AGTAGTTA_TAACCATC,173,GCTTAACCTGGTCAGGCGGA,10
DEW168_AGTCACAA_AAACGCCT,149,GAATAAGAAGGAGAGCATTT,1
DEW168_AGTCACAA_AAACGCCT,172,GCGTCGTAACCTATATAAGG,10
DEW168_AGTCACAA_CGAGATGT,119,CGGCACGTAAAAAAGTGGCG,1
DEW168_AGTGCTTC_AGACACCA,17,AAGACTTACATCAAGCCCTT,1
DEW168_AGTTTGTA_CCCGACTT,30,AATTGAAAGGGACAGTTAAA,1
DEW168_ATAAGCTA_AACCCTTG,46,AGAGAGGTGTACCGCGTAAT,1
DEW168_ATACACCC_GAGCGGTA,131,CTACGATAAAACAGGCCGAA,1
DEW168_ATACACCC_GCTTACCT,228,TTGGACGCGGATTTCCTTTT,1
DEW168_ATAGATGT_CGGGTAGT,27,CGTAGCTGACATGGACTAAG,1
DEW168_ATAGATGT_CGTCAGCA,119,CGGCACGTAAAAAAGTGGCG,4
DEW168_ATAGATGT_CGTCAGCA,173,GCTTAACCTGGTCAGGCGGA,6
DEW168_ATAGATGT_CTATAGAG,34,ACACTCTATCAGGCATTGCG,10
DEW168_ATAGATGT_CTATAGAG,105,CCTCTAAGCGAGAACAGCGC,9
DEW168_ATAGATGT_CTATAGAG,181,GGGGGAACTATCGAGATATTTCG,9
DEW168_ATAGATGT_CTATAGAG,193,GTTGGGGAACTGAGATTATG,7
DEW168_ATAGATGT_GTACCTTG,27,CGTAGCTGACATGGACTAAG,5
DEW168_ATAGATGT_TCACGTTT,15,AACGCCACAGGTGAAACAG,1
DEW168_ATAGATGT_TTGGATCG,120,CGGGAACCTAGAAAGGGTAA,1
DEW168_ATATGGGT_CAGTCCCT,53,AGGAAGAAGCGCGAGAAAAA,1
DEW168_ATATGGGT_CGATTGAT,119,CGGCACGTAAAAAAGTGGCG,1
DEW168_ATCAATCG_CCAACCGT,101,CCCTCGGGGCCAGGCGATGC,1
DEW168_ATCAGGGA_ATCTTTGT,192,GTTGCCTTCGATATAGCGCC,1
DEW168_ATCCCACC_GCACCTCT,30,AATTGAAAGGGACAGTTAAA,1
DEW168_ATCCGCAT_AAGCGTAC,128,CTAAATAAATAGGATCAGAG,1
DEW168_ATCGCGCT_GGACTTCC,49,AGCAATCGAGGAGCTAGCTC,1
DEW168_ATCGTAAC_GTAACGTT,39,ACTACAGACTCGGGTCAAAT,1
DEW168_ATCTTGGC_CCCATCTG,12,AACATGTACTGTTATGGTCA,1
DEW168_ATGACAAC_CCATTTGA,218,TGCTTTCGCGCGAGAGAATT,1
DEW168_ATGACAAC_GCTTTGGC,110,CGATCAGACCGATCATTTGG,1
DEW168_ATGACAAC_GCTTTGGC,144,CTGTTAGGTTGATTTGCTTA,1
DEW168_ATGACAAC_GCTTTGGC,164,GCCGGCCTTCTCGGAGGAAG,2
DEW168_ATGACAAC_GCTTTGGC,181,GGGGGAACTATCGAGATATTTCG,1
DEW168_ATGACAAC_GCTTTGGC,202,TACACAAGGAAGCAGTATAA,1
DEW168_ATGACAAC_GTGGATGG,49,AGCAATCGAGGAGCTAGCTC,1
DEW168_ATGACTTG_GCTTTGGC,106,CGACAGGACCCAATTGTGTT,4
DEW168_ATGACTTG_GCTTTGGC,110,CGATCAGACCGATCATTTGG,5
DEW168_ATGACTTG_GCTTTGGC,144,CTGTTAGGTTGATTTGCTTA,4
DEW168_ATGACTTG_GCTTTGGC,160,GCAAGCATTGAAGAGTGGAA,1
DEW168_ATGACTTG_GCTTTGGC,164,GCCGGCCTTCTCGGAGGAAG,6
DEW168_ATGACTTG_GCTTTGGC,181,GGGGGAACTATCGAGATATTTCG,8
DEW168_ATGACTTG_GCTTTGGC,202,TACACAAGGAAGCAGTATAA,5
DEW168_ATGACTTG_GCTTTGGC,215,TGCCCCAGAAGCAGGGTAGG,3
DEW168_ATGACTTG_GCTTTGGC,225,TTATTACACGATGTTCAATC,1
DEW168_ATGACTTG_GGGAAGGT,68,ATGACACACCGTTGGGAAAG,1
DEW168_ATGACTTG_GGGTTGGT,163,GCCGGCAGTATCGAAGGAAG,1
DEW168_ATGACTTG_GGGTTGGT,202,TACACAAGGAAGCAGTATAA,1
DEW168_ATGACTTG_TGACGGAC,80,CACTTAGGCTCCTCGAATAT,4
DEW168_ATGACTTG_TGACGGAC,138,CTCGGTTTAGGGCTGCTACG,4
DEW168_ATGACTTG_TGACGGAC,140,CTGATCCGGACAGTAGTTCC,7
DEW168_ATGACTTG_TGACGGAC,152,GAGAATTGCGCTCAATAATA,5
DEW168_ATGCATAT_TAGTCTAG,59,AGTATTTAAAAAGCTCTACA,7
DEW168_ATGCATAT_TAGTCTAG,167,GCGAAAAAGCCTTTGGTCCG,1
DEW168_ATGCGGAG_AGCTATGA,119,CGGCACGTAAAAAAGTGGCG,1
DEW168_ATGCGGAG_GCCGGATT,27,CGTAGCTGACATGGACTAAG,16
DEW168_ATGCGGAG_GTGTAACC,172,GCGTCGTAACCTATATAAGG,1
DEW168_ATGGGCTC_AAACCTCC,27,CGTAGCTGACATGGACTAAG,1
DEW168_ATTACCTT_CTTGGTGT,67,ATCAGCAGGGCTAAGCTATT,1
DEW168_ATTCTGAG_TGGTATGA,165,GCCTCCCATCATAAACCCTG,1
DEW168_ATTGGCCC_GGCCTAAG,22,AAGGGCCGTCCGGGCTAGTG,1
DEW168_ATTGGCCC_TCGACACC,46,AGAGAGGTGTACCGCGTAAT,1
DEW168_ATTGGCCC_TCTCACTT,195,TAAAAAGACGACGCTCAGTG,9
DEW168_ATTTCCAT_ACCACGCT,22,AAGGGCCGTCCGGGCTAGTG,3
DEW168_ATTTCCAT_ACCACGCT,49,AGCAATCGAGGAGCTAGCTC,1
DEW168_ATTTCCAT_ACCACGCT,101,CCCTCGGGGCCAGGCGATGC,1
DEW168_ATTTCCAT_ACCACGCT,219,TGGAAATGAAAGTGTAGCAA,3
DEW168_ATTTCCAT_ATACCCAG,119,CGGCACGTAAAAAAGTGGCG,1
DEW168_ATTTCCAT_TGCTCCGT,8,AAAGGGACTCATACACAACC,1
DEW168_ATTTGTTG_GTTCTGTT,50,AGCACTCGAGAAAATCTC,1
DEW168_ATTTGTTG_TGCTATTT,119,CGGCACGTAAAAAAGTGGCG,1
DEW168_CAAACATT_GATCGTTT,58,AGGGGAGAAAATTGAACATC,6
DEW168_CAAACATT_GATCGTTT,203,TACCAAAATGCATATACTAT,6
DEW168_CAACGCAG_TGAGGTCT,155,GAGTAATCGGCTGACCTGTC,1
DEW168_CAAGGGTT_CTTCTGGA,213,TCGTAGTATATCTCCTTTAT,1
DEW168_CACAACCT_ACCACGCT,22,AAGGGCCGTCCGGGCTAGTG,2
DEW168_CACAACCT_ACCACGCT,192,GTTGCCTTCGATATAGCGCC,13
DEW168_CACAACCT_CGCTAGTC,192,GTTGCCTTCGATATAGCGCC,1
DEW168_CACAACCT_GATTTACC,103,CCCTTCACTCACGCTACGAA,1
DEW168_CACTAACC_AGCTACGG,8,AAAGGGACTCATACACAACC,1
DEW168_CACTTGAT_GATTAGAC,39,ACTACAGACTCGGGTCAAAT,1
DEW168_CAGACTCG_TGACCCTC,103,CCCTTCACTCACGCTACGAA,1
DEW168_CAGATGGG_ATATACCT,12,AACATGTACTGTTATGGTCA,1
DEW168_CAGATGGG_ATATACCT,119,CGGCACGTAAAAAAGTGGCG,1
DEW168_CAGATGGG_ATATACCT,167,GCGAAAAAGCCTTTGGTCCG,1
DEW168_CAGGTTGC_ATCCCACG,49,AGCAATCGAGGAGCTAGCTC,10
DEW168_CAGGTTGC_ATCCCACG,135,CTCACGGCGCGCGAGAACAT,9
DEW168_CAGGTTGC_TCGGTTCG,144,CTGTTAGGTTGATTTGCTTA,1
DEW168_CAGTTTAA_ATCAGCGC,144,CTGTTAGGTTGATTTGCTTA,1
DEW168_CATGACGA_AATCGGGT,103,CCCTTCACTCACGCTACGAA,1
DEW168_CATGCTGC_CACTTTCT,181,GGGGGAACTATCGAGATATTTCG,1
DEW168_CATTCGGG_AAACAGGG,12,AACATGTACTGTTATGGTCA,11
DEW168_CATTCGGG_AAACAGGG,71,ATGGTCACTCGATACTAATA,1
DEW168_CATTCGGG_AAACAGGG,101,CCCTCGGGGCCAGGCGATGC,10
DEW168_CATTCGGG_AAACAGGG,112,CGCAAAAGAAAGGCAAAAAG,1
DEW168_CATTCGGG_AAACAGGG,165,GCCTCCCATCATAAACCCTG,7
DEW168_CATTCGGG_AAACAGGG,213,TCGTAGTATATCTCCTTTAT,13
DEW168_CATTCGGG_CATCTCCC,17,AAGACTTACATCAAGCCCTT,1
DEW168_CATTTCTA_GCACCTCT,39,ACTACAGACTCGGGTCAAAT,1
DEW168_CCACCTCT_CTGAGTGC,119,CGGCACGTAAAAAAGTGGCG,1
DEW168_CCACGTTG_AGTGATGC,181,GGGGGAACTATCGAGATATTTCG,1
DEW168_CCACGTTG_CAGTTTGC,124,CGGTAACATATCCCTGCTGT,1
DEW168_CCACGTTG_CTGGTGCA,192,GTTGCCTTCGATATAGCGCC,1
DEW168_CCAGCGAA_GTAATCCC,172,GCGTCGTAACCTATATAAGG,1
DEW168_CCATCCAC_GGCTACTA,165,GCCTCCCATCATAAACCCTG,2
DEW168_CCATCGTC_TCACGTTT,15,AACGCCACAGGTGAAACAG,1
DEW168_CCATGCAT_GGGTGTAT,199,TAAGCACGGTTTAAGAACCG,1
DEW168_CCCGTAAG_AGCAGAAC,143,CTGTTAAGCATAGGACGCAA,1
DEW168_CCCGTTCT_ACTCACCG,66,ATCAACTACCGAGTAGTCCT,1
DEW168_CCCGTTCT_GCATGGGT,130,CTACCAATGGATATAAGA,1
DEW168_CCCTGTTT_CCCTTGGT,119,CGGCACGTAAAAAAGTGGCG,1
DEW168_CCCTTGCA_AAAGTCGG,38,ACGGCTCACAGCTATCGTGA,1
DEW168_CCCTTGCA_AAAGTCGG,103,CCCTTCACTCACGCTACGAA,1
DEW168_CCCTTGCA_ACAGCGGA,8,AAAGGGACTCATACACAACC,1
DEW168_CCGACTTT_GACAGATA,103,CCCTTCACTCACGCTACGAA,1
DEW168_CCGAGATC_GGAGAAGC,17,AAGACTTACATCAAGCCCTT,1
DEW168_CCGATACG_GATCGTTT,119,CGGCACGTAAAAAAGTGGCG,1
DEW168_CCGTAGCT_AACACACG,27,CGTAGCTGACATGGACTAAG,1
DEW168_CCGTAGCT_ACGTATAC,22,AAGGGCCGTCCGGGCTAGTG,3
DEW168_CCGTAGCT_GAAGGCTT,49,AGCAATCGAGGAGCTAGCTC,1
DEW168_CCTACGCT_AGGCAGTT,103,CCCTTCACTCACGCTACGAA,6
DEW168_CCTACGCT_TGGCCTGT,119,CGGCACGTAAAAAAGTGGCG,1
DEW168_CCTATTTA_GTGGAGCT,119,CGGCACGTAAAAAAGTGGCG,1
DEW168_CCTCATGA_CGACGTCA,172,GCGTCGTAACCTATATAAGG,5
DEW168_CCTTTACA_GTGGAGCT,119,CGGCACGTAAAAAAGTGGCG,6
DEW168_CCTTTACA_GTGGAGCT,167,GCGAAAAAGCCTTTGGTCCG,2
DEW168_CCTTTGTC_CGAGTCTG,49,AGCAATCGAGGAGCTAGCTC,1
DEW168_CGAAACTC_ATGTTGGC,59,AGTATTTAAAAAGCTCTACA,14
DEW168_CGAAACTC_ATGTTGGC,189,GTGTGTGGGCATAACTGTGC,15
DEW168_CGAACCGA_ATGGAAAT,8,AAAGGGACTCATACACAACC,1
DEW168_CGAAGAAG_GCTTACCT,187,GTAATAGGAGGCTATCCCAT,1
DEW168_CGACATTT_CTTCGATT,38,ACGGCTCACAGCTATCGTGA,1
DEW168_CGACATTT_TTATCTGT,38,ACGGCTCACAGCTATCGTGA,9
DEW168_CGACATTT_TTATCTGT,109,CGATAAATAAAGCCAAATTG,9
DEW168_CGATCCAA_ATCAAGTG,8,AAAGGGACTCATACACAACC,1
DEW168_CGATCCAA_TGTACACG,39,ACTACAGACTCGGGTCAAAT,4
DEW168_CGATGGCA_GGAATAGA,119,CGGCACGTAAAAAAGTGGCG,9
DEW168_CGATGGCA_GGAATAGA,167,GCGAAAAAGCCTTTGGTCCG,2
DEW168_CGGACTAA_CCTGTTAT,70,ATGGACTCTCTGTACTACTA,1
DEW168_CGGACTAA_CTGTCTGG,191,GTGTTGAGAAGTCTAGGACC,1
DEW168_CGGCTGTA_TTCGGCCT,119,CGGCACGTAAAAAAGTGGCG,11
DEW168_CGGCTGTA_TTCGGCCT,167,GCGAAAAAGCCTTTGGTCCG,1
DEW168_CGGCTGTA_TTCGGCCT,173,GCTTAACCTGGTCAGGCGGA,5
DEW168_CGTACCGA_CTGGTGCA,167,GCGAAAAAGCCTTTGGTCCG,1
DEW168_CGTGTACA_ATACTCTT,111,CGATGGGGGAGCATAAAGGT,1
DEW168_CGTGTGTT_AATTCCCA,103,CCCTTCACTCACGCTACGAA,1
DEW168_CGTTGCCT_AGCGCGAT,145,CTTAACAATTACCACAGGGA,1
DEW168_CTAACGCC_AGAGACTA,190,GTGTTCCTACACTGGACGAT,1
DEW168_CTAACGCC_GAATTCGT,119,CGGCACGTAAAAAAGTGGCG,2
DEW168_CTAGCACG_CGCCTTGA,31,ACACCAACAAAAGGGCCCTT,1
DEW168_CTAGCACG_CGCCTTGA,125,CGGTACGGAAAAAAGGTAAG,1
DEW168_CTCAAACA_GGTGACAC,123,CGGGGGTCTGCCTACACA,1
DEW168_CTCAAACA_GTCTCTCT,206,TAGATACCTATGTTTATTAG,1
DEW168_CTCAAACA_TGTGCTCA,145,CTTAACAATTACCACAGGGA,1
DEW168_CTCACATC_TGAAATGA,173,GCTTAACCTGGTCAGGCGGA,1
DEW168_CTCCCAAA_CGTATCGG,190,GTGTTCCTACACTGGACGAT,1
DEW168_CTCCCAAA_TCCAGTCC,27,CGTAGCTGACATGGACTAAG,1
DEW168_CTCCCAAA_TTCGCTGG,70,ATGGACTCTCTGTACTACTA,1
DEW168_CTCCTCCA_ACAGCGGA,199,TAAGCACGGTTTAAGAACCG,1
DEW168_CTGAAGGG_ATCCGCTA,131,CTACGATAAAACAGGCCGAA,1
DEW168_CTGAAGGG_CATTTGTT,33,ACACGTGGTACGCCCCTAAT,9
DEW168_CTGAAGGG_CATTTGTT,167,GCGAAAAAGCCTTTGGTCCG,2
DEW168_CTGAAGGG_CATTTGTT,212,TCGACATTCGGTTGATACCA,6
DEW168_CTGAGCGT_ATATCTTC,131,CTACGATAAAACAGGCCGAA,1
DEW168_CTGAGCGT_GAATTCGT,46,AGAGAGGTGTACCGCGTAAT,1
DEW168_CTGCGATG_TTCGGCCT,131,CTACGATAAAACAGGCCGAA,1
DEW168_CTGGGTAT_AAAGCCTA,22,AAGGGCCGTCCGGGCTAGTG,2
DEW168_CTGGGTAT_AAAGCCTA,192,GTTGCCTTCGATATAGCGCC,2
DEW168_CTGGGTAT_AGGCAACG,192,GTTGCCTTCGATATAGCGCC,7
DEW168_CTGTGACC_ATATGCAT,31,ACACCAACAAAAGGGCCCTT,1
DEW168_CTGTGACC_ATATGCAT,192,GTTGCCTTCGATATAGCGCC,8
DEW168_CTGTGACC_TCATATGG,70,ATGGACTCTCTGTACTACTA,1
DEW168_CTGTTAAA_AGGAGCTT,130,CTACCAATGGATATAAGA,1
DEW168_CTGTTAAA_CGGCTTAC,103,CCCTTCACTCACGCTACGAA,2
DEW168_CTGTTGTG_TGTAAAGG,77,CACATTGAGAGCCGAGAAGC,1
DEW168_CTGTTGTG_TTCCGCTC,223,TGTTATTATCATTATGTTTA,1
DEW168_CTTAGGCC_CTACCGTT,130,CTACCAATGGATATAAGA,1
DEW168_CTTCTACG_TTAAGCGT,12,AACATGTACTGTTATGGTCA,1
DEW168_CTTTATCC_ATTCGACG,119,CGGCACGTAAAAAAGTGGCG,1
DEW168_CTTTATCC_CAAGTCAT,38,ACGGCTCACAGCTATCGTGA,3
DEW168_CTTTATCC_CAAGTCAT,109,CGATAAATAAAGCCAAATTG,8
DEW168_CTTTATCC_CAAGTCAT,187,GTAATAGGAGGCTATCCCAT,1
DEW168_CTTTATCC_TAACCCGT,131,CTACGATAAAACAGGCCGAA,1
DEW168_CTTTATCC_TAACCCGT,172,GCGTCGTAACCTATATAAGG,1
DEW168_CTTTCACT_GGCTACTA,192,GTTGCCTTCGATATAGCGCC,1
DEW168_CTTTCACT_TACAAACT,17,AAGACTTACATCAAGCCCTT,1
DEW168_CTTTCACT_TACAAACT,39,ACTACAGACTCGGGTCAAAT,1
DEW168_CTTTCACT_TACAAACT,191,GTGTTGAGAAGTCTAGGACC,1
DEW168_CTTTCACT_TACAAACT,199,TAAGCACGGTTTAAGAACCG,1
DEW168_CTTTCACT_TAGTGGAC,8,AAAGGGACTCATACACAACC,2
DEW168_CTTTCACT_TAGTGGAC,46,AGAGAGGTGTACCGCGTAAT,1
DEW168_CTTTCACT_TAGTGGAC,49,AGCAATCGAGGAGCTAGCTC,1
DEW168_CTTTGGAC_GAGGCTGA,8,AAAGGGACTCATACACAACC,4
DEW168_CTTTGGAC_GAGGCTGA,130,CTACCAATGGATATAAGA,5
DEW168_CTTTGGAC_GAGGCTGA,135,CTCACGGCGCGCGAGAACAT,2
DEW168_CTTTGGAC_GAGGCTGA,191,GTGTTGAGAAGTCTAGGACC,4
DEW168_GAAAGACA_TGGTATGA,131,CTACGATAAAACAGGCCGAA,1
DEW168_GAAGATAT_AAACTCGA,27,CGTAGCTGACATGGACTAAG,1
DEW168_GAAGATAT_GCCAAGAT,8,AAAGGGACTCATACACAACC,1
DEW168_GAAGATAT_GCCAAGAT,51,AGCAGCTCGCCACGTACATA,1
DEW168_GAAGATAT_TAGAAATG,101,CCCTCGGGGCCAGGCGATGC,1
DEW168_GAAGATAT_TAGAAATG,167,GCGAAAAAGCCTTTGGTCCG,2
DEW168_GAAGATAT_TAGAAATG,172,GCGTCGTAACCTATATAAGG,1
DEW168_GAAGATAT_TAGCCTCG,27,CGTAGCTGACATGGACTAAG,3
DEW168_GAAGATAT_TAGCCTCG,92,CCACAGGTAAAGGCGGGCTT,1
DEW168_GAAGATAT_TAGCCTCG,203,TACCAAAATGCATATACTAT,1
DEW168_GAATCCCA_CCAACCGT,49,AGCAATCGAGGAGCTAGCTC,1
DEW168_GAATCCCA_CCTCGTCT,213,TCGTAGTATATCTCCTTTAT,1
DEW168_GAATCCCA_GTTCTGTT,67,ATCAGCAGGGCTAAGCTATT,10
DEW168_GAATCCCA_TACTTGTG,27,CGTAGCTGACATGGACTAAG,1
DEW168_GACACAAA_TCCAGGGA,38,ACGGCTCACAGCTATCGTGA,10
DEW168_GACACAAA_TCCAGGGA,78,CACCTATAATAGGAAATCCA,6
DEW168_GACACAAA_TCCAGGGA,109,CGATAAATAAAGCCAAATTG,12
DEW168_GACACAAA_TCCAGGGA,187,GTAATAGGAGGCTATCCCAT,9
DEW168_GACACAAA_TCCAGGGA,194,GTTGTGACTCGCTATTAATA,4
DEW168_GACACCTG_ACTCACCG,8,AAAGGGACTCATACACAACC,10
DEW168_GACACCTG_ACTCACCG,46,AGAGAGGTGTACCGCGTAAT,19
DEW168_GACACCTG_ACTCACCG,49,AGCAATCGAGGAGCTAGCTC,8
DEW168_GACACCTG_ACTCACCG,68,ATGACACACCGTTGGGAAAG,1
DEW168_GACACCTG_ACTCACCG,131,CTACGATAAAACAGGCCGAA,7
DEW168_GACACCTG_AGGCAGTT,67,ATCAGCAGGGCTAAGCTATT,3
DEW168_GACTAGCG_CCGCTGTT,67,ATCAGCAGGGCTAAGCTATT,1
DEW168_GACTAGCG_TTGTCGCC,39,ACTACAGACTCGGGTCAAAT,1
DEW168_GAGAAACC_GTTTGTTT,173,GCTTAACCTGGTCAGGCGGA,1
DEW168_GAGCGGAA_GCGCATTC,74,CAAGTATGTAAGATGTGCCG,1
DEW168_GAGGAGTG_ACAGCGGA,191,GTGTTGAGAAGTCTAGGACC,1
DEW168_GAGGAGTG_TCCAGGGA,145,CTTAACAATTACCACAGGGA,1
DEW168_GAGGGTCA_CATTTGTT,49,AGCAATCGAGGAGCTAGCTC,1
DEW168_GAGTGTAC_AGGATTCA,173,GCTTAACCTGGTCAGGCGGA,1
DEW168_GAGTGTAC_CGGGTAGT,8,AAAGGGACTCATACACAACC,2
DEW168_GAGTGTAC_CGGGTAGT,49,AGCAATCGAGGAGCTAGCTC,20
DEW168_GAGTGTAC_CGGGTAGT,68,ATGACACACCGTTGGGAAAG,1
DEW168_GAGTGTAC_CGGGTAGT,130,CTACCAATGGATATAAGA,6
DEW168_GAGTGTAC_CGGGTAGT,135,CTCACGGCGCGCGAGAACAT,7
DEW168_GAGTGTAC_CGGGTAGT,191,GTGTTGAGAAGTCTAGGACC,4
DEW168_GAGTGTAC_TGGTTTCT,101,CCCTCGGGGCCAGGCGATGC,1
DEW168_GAGTGTAC_TGTCTTTC,173,GCTTAACCTGGTCAGGCGGA,1
DEW168_GATACGCA_CGGACAAC,64,ATAACTCAGCACAGAAGGTC,1
DEW168_GATACGCA_GTGGAGCT,46,AGAGAGGTGTACCGCGTAAT,1
DEW168_GATACGCA_TTGTTTAC,119,CGGCACGTAAAAAAGTGGCG,1
DEW168_GATGGTTA_ATTGGGCC,101,CCCTCGGGGCCAGGCGATGC,1
DEW168_GATGGTTA_GTCCGTAC,49,AGCAATCGAGGAGCTAGCTC,7
DEW168_GATGGTTA_GTCCGTAC,68,ATGACACACCGTTGGGAAAG,6
DEW168_GATGGTTA_GTCCGTAC,135,CTCACGGCGCGCGAGAACAT,1
DEW168_GATGTGGC_AATTCCCA,166,GCCTTTGGTAACACTCACAC,1
DEW168_GATTAAAG_GGTGGGAT,119,CGGCACGTAAAAAAGTGGCG,2
DEW168_GATTGGGA_AGGTTGTG,67,ATCAGCAGGGCTAAGCTATT,1
DEW168_GATTGGGA_TCTCAACC,119,CGGCACGTAAAAAAGTGGCG,8
DEW168_GCACTCAG_CAGATTAC,22,AAGGGCCGTCCGGGCTAGTG,4
DEW168_GCACTCAG_CAGATTAC,192,GTTGCCTTCGATATAGCGCC,7
DEW168_GCACTCAG_CATCGCAG,49,AGCAATCGAGGAGCTAGCTC,1
DEW168_GCCTGGTA_ATTGGGCC,213,TCGTAGTATATCTCCTTTAT,1
DEW168_GCCTGGTA_CCAGCAGT,17,AAGACTTACATCAAGCCCTT,1
DEW168_GCCTGGTA_CTTCAGGT,169,GCGATTTCAAAAGCCCAGTT,1
DEW168_GCGCTGAT_TGCTCCGT,105,CCTCTAAGCGAGAACAGCGC,1
DEW168_GCGGTAAC_AGCAGAAC,8,AAAGGGACTCATACACAACC,1
DEW168_GCGGTAAC_AGCAGAAC,191,GTGTTGAGAAGTCTAGGACC,1
DEW168_GCGGTAAC_CGTCAGCA,119,CGGCACGTAAAAAAGTGGCG,10
DEW168_GCGGTAAC_CGTCAGCA,167,GCGAAAAAGCCTTTGGTCCG,2
DEW168_GCGTGCAA_AGCGCCTT,67,ATCAGCAGGGCTAAGCTATT,6
DEW168_GCTAAGTT_ATATCTTC,70,ATGGACTCTCTGTACTACTA,1
DEW168_GCTAAGTT_ATATCTTC,105,CCTCTAAGCGAGAACAGCGC,1
DEW168_GCTAAGTT_CTTAGGTA,1,GAAAAAATTCCAAATTTACA,1
DEW168_GCTATGGG_GAAGTGCC,192,GTTGCCTTCGATATAGCGCC,3
DEW168_GCTCGTAG_GGTGACAC,22,AAGGGCCGTCCGGGCTAGTG,1
DEW168_GCTCGTAG_TCTGTGGT,70,ATGGACTCTCTGTACTACTA,6
DEW168_GCTTCTCC_CTGCGTTG,8,AAAGGGACTCATACACAACC,1
DEW168_GCTTCTCC_CTGCGTTG,46,AGAGAGGTGTACCGCGTAAT,1
DEW168_GCTTCTCC_CTGCGTTG,131,CTACGATAAAACAGGCCGAA,6
DEW168_GCTTCTCC_CTGCGTTG,135,CTCACGGCGCGCGAGAACAT,2
DEW168_GCTTCTCC_GAGCGGTA,124,CGGTAACATATCCCTGCTGT,1
DEW168_GCTTCTCC_GGGTGTAT,131,CTACGATAAAACAGGCCGAA,1
DEW168_GGAACGAA_CACAAGGC,192,GTTGCCTTCGATATAGCGCC,1
DEW168_GGAACGAA_CAGTTTGC,229,TTTAGACGTGCCCGTACCCC,1
DEW168_GGAACGAA_GAGAATTG,74,CAAGTATGTAAGATGTGCCG,1
DEW168_GGAACGAA_TGTAAAGG,48,AGATGGGTCTAGTCTGGATT,1
DEW168_GGAACGAA_TGTAAAGG,126,CGTTCGTCAGACGTGTTAGC,1
DEW168_GGAACGAA_TGTAAAGG,196,TAAAAGAGTAGGGCTGAATC,1
DEW168_GGAACGAA_TGTAAAGG,209,TCCACGGACACTAGTGTAGA,1
DEW168_GGAACGAA_TGTAAAGG,214,TCTATATGAACTAAGAGCGA,1
DEW168_GGAAGTCC_TAGAAATG,119,CGGCACGTAAAAAAGTGGCG,1
DEW168_GGAAGTCC_TAGAAATG,202,TACACAAGGAAGCAGTATAA,1
DEW168_GGAGGTTT_AGCAGAAC,30,AATTGAAAGGGACAGTTAAA,1
DEW168_GGAGGTTT_GTCTCTCT,119,CGGCACGTAAAAAAGTGGCG,1
DEW168_GGCACTTC_CACAACAG,178,GGAGATTAATTGGATGTTGA,1
DEW168_GGCACTTC_GCTTTCCA,224,TTATCATCATGATGGGGGGC,1
DEW168_GGCACTTC_TCCTTATT,192,GTTGCCTTCGATATAGCGCC,1
DEW168_GGCCCAAT_ACCCACGA,203,TACCAAAATGCATATACTAT,1
DEW168_GGCCCAAT_GCAGGGTA,178,GGAGATTAATTGGATGTTGA,1
DEW168_GGCCCAAT_TCATATGG,192,GTTGCCTTCGATATAGCGCC,1
DEW168_GGCGACAA_AAACCTCC,216,TGCGGATCAGCGTTCTGAGC,1
DEW168_GGCGACAA_CGGAATTT,213,TCGTAGTATATCTCCTTTAT,1
DEW168_GGCTATAA_CTTGGTGT,27,CGTAGCTGACATGGACTAAG,18
DEW168_GGCTATAA_GTTGTCAT,27,CGTAGCTGACATGGACTAAG,1
DEW168_GGCTTTGC_TACGTGCT,8,AAAGGGACTCATACACAACC,1
DEW168_GGGTCATT_ATCCCACG,119,CGGCACGTAAAAAAGTGGCG,1
DEW168_GGGTCTAG_CCACATTA,15,AACGCCACAGGTGAAACAG,1
DEW168_GGGTCTAG_CTGTTCTT,32,ACACGCAATGAGGCAGAGTA,3
DEW168_GGGTCTAG_TGCGTATC,67,ATCAGCAGGGCTAAGCTATT,3
DEW168_GGGTCTAG_TTGGCGTT,56,AGGCCCGATAGCCTGAAAAG,1
DEW168_GGTAAATC_ATCCCACG,70,ATGGACTCTCTGTACTACTA,27
DEW168_GGTAAATC_CAATTAGT,27,CGTAGCTGACATGGACTAAG,12
DEW168_GGTCCTAA_AGGCAGTT,135,CTCACGGCGCGCGAGAACAT,1
DEW168_GGTCCTAA_ATTCGACG,119,CGGCACGTAAAAAAGTGGCG,1
DEW168_GGTTGAGA_GAATTCGT,68,ATGACACACCGTTGGGAAAG,1
DEW168_GTAAACAA_CATCTCCC,145,CTTAACAATTACCACAGGGA,1
DEW168_GTAAACAA_GCTTTCCA,49,AGCAATCGAGGAGCTAGCTC,1
DEW168_GTAAACAA_GCTTTCCA,119,CGGCACGTAAAAAAGTGGCG,1
DEW168_GTAAACAA_GGCGGTTT,24,AAGTGTAGGACAAATGGCTC,1
DEW168_GTAATCTG_AAAGCCTA,229,TTTAGACGTGCCCGTACCCC,1
DEW168_GTAATCTG_ACCACGCT,17,AAGACTTACATCAAGCCCTT,5
DEW168_GTAATCTG_ACCACGCT,59,AGTATTTAAAAAGCTCTACA,3
DEW168_GTAATCTG_CGTAGAAG,30,AATTGAAAGGGACAGTTAAA,1
DEW168_GTACGCTT_CACTCCTC,27,CGTAGCTGACATGGACTAAG,11
DEW168_GTACGCTT_CTAGACCC,15,AACGCCACAGGTGAAACAG,1
DEW168_GTACGCTT_GAGCCCAT,70,ATGGACTCTCTGTACTACTA,1
DEW168_GTACGGAC_GGGAAGGT,70,ATGGACTCTCTGTACTACTA,1
DEW168_GTCAAGAG_CCCATCTG,68,ATGACACACCGTTGGGAAAG,1
DEW168_GTCCACTA_GGTCCCTT,49,AGCAATCGAGGAGCTAGCTC,1
DEW168_GTCCTTGC_AACAATCC,103,CCCTTCACTCACGCTACGAA,1
DEW168_GTCTAATC_GGAGAAGC,226,TTGACGTTACACTGCAAACT,1
DEW168_GTCTAATC_TGAGGTCT,70,ATGGACTCTCTGTACTACTA,6
DEW168_GTCTGGAA_TCATATGG,49,AGCAATCGAGGAGCTAGCTC,1
DEW168_GTCTTCCT_CCCAAGCA,103,CCCTTCACTCACGCTACGAA,1
DEW168_GTCTTCCT_CTCTTGAC,166,GCCTTTGGTAACACTCACAC,1
DEW168_GTGAACTC_CTGTCTGG,119,CGGCACGTAAAAAAGTGGCG,1
DEW168_GTGAGGCA_GAGTTCAC,70,ATGGACTCTCTGTACTACTA,1
DEW168_GTGTCAGG_TGAAATGA,201,TAATCGAAGCACAGGGAATT,1
DEW168_GTGTCAGG_TTGTTTAC,128,CTAAATAAATAGGATCAGAG,1
DEW168_GTTGTCCG_ATGTTGGC,119,CGGCACGTAAAAAAGTGGCG,1
DEW168_GTTGTCCG_CCTACTAG,39,ACTACAGACTCGGGTCAAAT,1
DEW168_TAAACCGA_AGACACCA,27,CGTAGCTGACATGGACTAAG,1
DEW168_TAAACCGA_GGGAACGA,67,ATCAGCAGGGCTAAGCTATT,1
DEW168_TAACTTCT_ATGGAAAT,145,CTTAACAATTACCACAGGGA,1
DEW168_TAACTTCT_ATTGGGCC,70,ATGGACTCTCTGTACTACTA,1
DEW168_TAACTTCT_CACGGACT,12,AACATGTACTGTTATGGTCA,11
DEW168_TAACTTCT_CACGGACT,101,CCCTCGGGGCCAGGCGATGC,18
DEW168_TAACTTCT_CACGGACT,165,GCCTCCCATCATAAACCCTG,5
DEW168_TAAGGGCC_CGGCACAT,192,GTTGCCTTCGATATAGCGCC,5
DEW168_TAATGTGG_AACTTAGC,202,TACACAAGGAAGCAGTATAA,1
DEW168_TAATGTGG_GTTTGTTT,191,GTGTTGAGAAGTCTAGGACC,1
DEW168_TAATGTGG_TCTCAACC,218,TGCTTTCGCGCGAGAGAATT,1
DEW168_TACCCTGC_ACACTAAG,39,ACTACAGACTCGGGTCAAAT,1
DEW168_TACCCTGC_CCCATCTG,103,CCCTTCACTCACGCTACGAA,1
DEW168_TACCCTGC_CCCATCTG,119,CGGCACGTAAAAAAGTGGCG,1
DEW168_TACCCTGC_CGTACCTA,143,CTGTTAAGCATAGGACGCAA,1
DEW168_TACCGCTC_ACCACGCT,213,TCGTAGTATATCTCCTTTAT,2
DEW168_TACCGCTC_AGAAGTTA,27,CGTAGCTGACATGGACTAAG,1
DEW168_TACCGCTC_TGACGGAC,131,CTACGATAAAACAGGCCGAA,1
DEW168_TACCGCTC_TGTACACG,101,CCCTCGGGGCCAGGCGATGC,1
DEW168_TACCTAAG_GTCAATAC,191,GTGTTGAGAAGTCTAGGACC,1
DEW168_TACCTAAG_TTGTCGCC,26,AATACACCCAGGTTTCCATG,1
DEW168_TACGCGAG_TTCGTTCC,192,GTTGCCTTCGATATAGCGCC,2
DEW168_TACTGAAT_ATACTCTT,201,TAATCGAAGCACAGGGAATT,1
DEW168_TACTGAAT_TTGATCTA,119,CGGCACGTAAAAAAGTGGCG,1
DEW168_TAGATCAA_AAAGTCGG,46,AGAGAGGTGTACCGCGTAAT,1
DEW168_TAGATCAA_AAAGTCGG,143,CTGTTAAGCATAGGACGCAA,1
DEW168_TAGATCAA_ACGCCATT,67,ATCAGCAGGGCTAAGCTATT,4
DEW168_TAGATCAA_TACAAACT,123,CGGGGGTCTGCCTACACA,1
DEW168_TAGCCACA_GTGTAACC,119,CGGCACGTAAAAAAGTGGCG,1
DEW168_TAGCCACA_TCATCCTT,30,AATTGAAAGGGACAGTTAAA,1
DEW168_TAGCCACA_TCTGTGGT,103,CCCTTCACTCACGCTACGAA,1
DEW168_TAGCCACA_TCTGTGGT,119,CGGCACGTAAAAAAGTGGCG,1
DEW168_TAGCGGAT_TGGGATTC,27,CGTAGCTGACATGGACTAAG,1
DEW168_TAGGTACG_GAATTCGT,8,AAAGGGACTCATACACAACC,1
DEW168_TAGTAGCC_CGCTCTCA,68,ATGACACACCGTTGGGAAAG,1
DEW168_TAGTCTCT_CACAGTTT,109,CGATAAATAAAGCCAAATTG,1
DEW168_TAGTCTCT_GAGGCTGA,97,CCATAATGAAACTAGACGAC,1
DEW168_TAGTCTCT_GTTGCACG,35,ACATGCAAAGCTATAAAAGGA,1
DEW168_TAGTCTCT_GTTGCACG,106,CGACAGGACCCAATTGTGTT,1
DEW168_TAGTCTCT_GTTGCACG,110,CGATCAGACCGATCATTTGG,1
DEW168_TAGTCTCT_GTTGCACG,144,CTGTTAGGTTGATTTGCTTA,1
DEW168_TAGTCTCT_GTTGCACG,160,GCAAGCATTGAAGAGTGGAA,1
DEW168_TAGTCTCT_GTTGCACG,164,GCCGGCCTTCTCGGAGGAAG,2
DEW168_TAGTCTCT_GTTGCACG,181,GGGGGAACTATCGAGATATTTCG,1
DEW168_TATCCACG_ATTCCTTG,1,GAAAAAATTCCAAATTTACA,1
DEW168_TATCCACG_CGTATCGG,39,ACTACAGACTCGGGTCAAAT,1
DEW168_TATCCACG_TACGTGCT,131,CTACGATAAAACAGGCCGAA,1
DEW168_TATCCACG_TCCTTATT,228,TTGGACGCGGATTTCCTTTT,1
DEW168_TCAAATGG_TTAGGACC,8,AAAGGGACTCATACACAACC,2
DEW168_TCAAATGG_TTAGGACC,46,AGAGAGGTGTACCGCGTAAT,3
DEW168_TCAAATGG_TTAGGACC,131,CTACGATAAAACAGGCCGAA,2
DEW168_TCAAATGG_TTAGGACC,135,CTCACGGCGCGCGAGAACAT,1
DEW168_TCAGCCTC_AGGCAGTT,70,ATGGACTCTCTGTACTACTA,17
DEW168_TCATACCA_ACTGAGTT,30,AATTGAAAGGGACAGTTAAA,1
DEW168_TCATACCA_ACTGAGTT,202,TACACAAGGAAGCAGTATAA,1
DEW168_TCATAGCT_CGCTAGTC,17,AAGACTTACATCAAGCCCTT,1
DEW168_TCATAGCT_GGCATGCT,191,GTGTTGAGAAGTCTAGGACC,1
DEW168_TCATTTCA_AGCGTAGG,49,AGCAATCGAGGAGCTAGCTC,1
DEW168_TCATTTCA_GAGCGGTA,49,AGCAATCGAGGAGCTAGCTC,5
DEW168_TCATTTCA_GAGCGGTA,68,ATGACACACCGTTGGGAAAG,1
DEW168_TCATTTCA_GAGCGGTA,135,CTCACGGCGCGCGAGAACAT,6
DEW168_TCCAGAAG_AGCGAAGT,212,TCGACATTCGGTTGATACCA,1
DEW168_TCCAGAAG_GGCTACTA,192,GTTGCCTTCGATATAGCGCC,2
DEW168_TCCGACAC_GTTTGTTT,12,AACATGTACTGTTATGGTCA,1
DEW168_TCCGACAC_GTTTGTTT,144,CTGTTAGGTTGATTTGCTTA,1
DEW168_TCGCAATC_CGTATTTC,173,GCTTAACCTGGTCAGGCGGA,1
DEW168_TCGCAATC_CGTATTTC,191,GTGTTGAGAAGTCTAGGACC,1
DEW168_TCGGTCAT_GCAGCATG,128,CTAAATAAATAGGATCAGAG,1
DEW168_TCTGATTT_ACGTATAC,70,ATGGACTCTCTGTACTACTA,1
DEW168_TCTGATTT_ATTGGGCC,143,CTGTTAAGCATAGGACGCAA,1
DEW168_TCTTTGAC_TGCAAGGG,73,CAAGATGCCAGAGCACTCCA,1
DEW168_TGACGTCG_CTAGATTG,135,CTCACGGCGCGCGAGAACAT,1
DEW168_TGAGAGCG_CGTCAGCA,119,CGGCACGTAAAAAAGTGGCG,1
DEW168_TGCACCAG_GTATGAGT,67,ATCAGCAGGGCTAAGCTATT,1
DEW168_TGCGACTA_GGCGTTAG,27,CGTAGCTGACATGGACTAAG,1
DEW168_TGCGACTA_GTGTCGGA,70,ATGGACTCTCTGTACTACTA,1
DEW168_TGCTGACG_GACAGATA,49,AGCAATCGAGGAGCTAGCTC,1
DEW168_TGCTGACG_GAGAGTAT,1,GAAAAAATTCCAAATTTACA,1
DEW168_TGCTTCAT_ATGGATTA,119,CGGCACGTAAAAAAGTGGCG,7
DEW168_TGCTTCAT_ATGGATTA,167,GCGAAAAAGCCTTTGGTCCG,2
DEW168_TGCTTCAT_ATGGATTA,173,GCTTAACCTGGTCAGGCGGA,8
DEW168_TGCTTCAT_TGTACACG,165,GCCTCCCATCATAAACCCTG,1
DEW168_TGCTTCAT_TGTACACG,222,TGTGTGCGCCTATAGCAAGG,1
DEW168_TGCTTGGG_CCCATAGC,59,AGTATTTAAAAAGCTCTACA,8
DEW168_TGGAAAGC_CTTACGGG,172,GCGTCGTAACCTATATAAGG,1
DEW168_TGGAAAGC_GCAAAGCC,67,ATCAGCAGGGCTAAGCTATT,7
DEW168_TGGCTAGT_CTTAGGTA,192,GTTGCCTTCGATATAGCGCC,1
DEW168_TGGCTAGT_GGCGTTAG,27,CGTAGCTGACATGGACTAAG,5
DEW168_TGGTGTCT_CAGTCCCT,35,ACATGCAAAGCTATAAAAGGA,1
DEW168_TGGTGTCT_CCAACCGT,17,AAGACTTACATCAAGCCCTT,1
DEW168_TGGTTAAC_ATTCCTTG,39,ACTACAGACTCGGGTCAAAT,1
DEW168_TGGTTAAC_TTGATTCT,12,AACATGTACTGTTATGGTCA,5
DEW168_TGGTTAAC_TTGATTCT,101,CCCTCGGGGCCAGGCGATGC,7
DEW168_TGGTTAAC_TTGATTCT,165,GCCTCCCATCATAAACCCTG,1
DEW168_TGGTTAAC_TTGATTCT,213,TCGTAGTATATCTCCTTTAT,7
DEW168_TGGTTAAC_TTGCATAT,103,CCCTTCACTCACGCTACGAA,1
DEW168_TGTTATCA_GATCGTTT,39,ACTACAGACTCGGGTCAAAT,1
DEW169_AAACACGG_AGTGAAAG,173,GCTTAACCTGGTCAGGCGGA,1
DEW169_AAACACGG_GAAGTGCC,34,ACACTCTATCAGGCATTGCG,1
DEW169_AAACACTA_TCATCCTT,103,CCCTTCACTCACGCTACGAA,7
DEW169_AAACCGCC_CACGGACT,17,AAGACTTACATCAAGCCCTT,1
DEW169_AAACCGCC_CACGGACT,101,CCCTCGGGGCCAGGCGATGC,1
DEW169_AAACCGCC_CACGGACT,171,GCGTCCGAGCTATTAGAAAG,1
DEW169_AAACCGCC_CGTGGATA,173,GCTTAACCTGGTCAGGCGGA,1
DEW169_AAACCGCC_TGACCAGT,49,AGCAATCGAGGAGCTAGCTC,7
DEW169_AAACCGCC_TGACCAGT,68,ATGACACACCGTTGGGAAAG,1
DEW169_AAACCGCC_TGACCAGT,135,CTCACGGCGCGCGAGAACAT,2
DEW169_AAACGATC_GCCGGATT,216,TGCGGATCAGCGTTCTGAGC,1
DEW169_AAACGTGA_GGTTAGTG,49,AGCAATCGAGGAGCTAGCTC,1
DEW169_AAACGTGA_GGTTAGTG,89,CATTACTAATGTATAGTCTA,1
DEW169_AAACTACA_ACTAGGAT,195,TAAAAAGACGACGCTCAGTG,13
DEW169_AAACTGTG_AAGCTTCT,27,CGTAGCTGACATGGACTAAG,2
DEW169_AAACTGTG_GTTAACCA,166,GCCTTTGGTAACACTCACAC,1
DEW169_AAACTGTG_TCGGTTTA,30,AATTGAAAGGGACAGTTAAA,4
DEW169_AAACTGTG_TCGGTTTA,111,CGATGGGGGAGCATAAAGGT,1
DEW169_AAACTGTG_TCGGTTTA,129,CTAACAAAGCATATAAAAGT,1
DEW169_AAACTGTG_TCGGTTTA,144,CTGTTAGGTTGATTTGCTTA,1
DEW169_AAACTGTG_TCGGTTTA,145,CTTAACAATTACCACAGGGA,1
DEW169_AAACTGTG_TCGGTTTA,162,GCACCTAAGATCCTCTAGTC,1
DEW169_AAACTGTG_TCGGTTTA,174,GCTTCCAATCATAAACAAGG,1
DEW169_AAACTGTG_TCGGTTTA,181,GGGGGAACTATCGAGATATTTCG,1
DEW169_AAACTGTG_TCGGTTTA,202,TACACAAGGAAGCAGTATAA,1
DEW169_AAACTGTG_TCGGTTTA,215,TGCCCCAGAAGCAGGGTAGG,2
DEW169_AAAGAGGC_AGTGAAAG,178,GGAGATTAATTGGATGTTGA,1
DEW169_AAAGAGGC_CAAGAGGG,199,TAAGCACGGTTTAAGAACCG,1
DEW169_AAAGAGGC_CGAACGTA,228,TTGGACGCGGATTTCCTTTT,1
DEW169_AAAGAGGC_TTCGGCCT,97,CCATAATGAAACTAGACGAC,1
DEW169_AAAGCCCG_CGTAGAAG,39,ACTACAGACTCGGGTCAAAT,12
DEW169_AAAGTCAT_CAAGTCAT,165,GCCTCCCATCATAAACCCTG,1
DEW169_AAATAGCA_GTCATATT,67,ATCAGCAGGGCTAAGCTATT,4
DEW169_AAATTCCG_AAACGCCT,27,CGTAGCTGACATGGACTAAG,6
DEW169_AAATTCCG_CCTATTCA,59,AGTATTTAAAAAGCTCTACA,1
DEW169_AAATTCCG_CCTATTCA,101,CCCTCGGGGCCAGGCGATGC,1
DEW169_AAATTCCG_CCTATTCA,166,GCCTTTGGTAACACTCACAC,1
DEW169_AACAGAAC_GGTCACAG,68,ATGACACACCGTTGGGAAAG,1
DEW169_AACAGAAC_GTCAATAC,178,GGAGATTAATTGGATGTTGA,1
DEW169_AACAGAAC_TTATAGCC,19,AAGCCTAGGATTAGTTCAAT,3
DEW169_AACAGAAC_TTATAGCC,216,TGCGGATCAGCGTTCTGAGC,2
DEW169_AACAGCGG_TCGGTTTA,33,ACACGTGGTACGCCCCTAAT,1
DEW169_AACGATTT_AGTTTAGA,12,AACATGTACTGTTATGGTCA,6
DEW169_AACGATTT_AGTTTAGA,37,ACGGAATCGAGAAAACAACA,1
DEW169_AACGATTT_AGTTTAGA,101,CCCTCGGGGCCAGGCGATGC,7
DEW169_AACGATTT_AGTTTAGA,158,GATAACAAACCCTTGACTC,1
DEW169_AACGATTT_AGTTTAGA,165,GCCTCCCATCATAAACCCTG,5
DEW169_AACGATTT_AGTTTAGA,213,TCGTAGTATATCTCCTTTAT,10
DEW169_AACGATTT_TGTAAAGG,101,CCCTCGGGGCCAGGCGATGC,1
DEW169_AACGGTAG_CACAAGGC,101,CCCTCGGGGCCAGGCGATGC,1
DEW169_AACGGTAG_CACAAGGC,130,CTACCAATGGATATAAGA,1
DEW169_AACGGTAG_CTTCGCAC,49,AGCAATCGAGGAGCTAGCTC,1
DEW169_AACGGTAG_CTTCGCAC,62,ATAAACACATCAAATATATA,1
DEW169_AACGGTAG_GCCTCTTT,70,ATGGACTCTCTGTACTACTA,1
DEW169_AACGTTAC_TGGCTACC,68,ATGACACACCGTTGGGAAAG,1
DEW169_AACTCAGT_AAGGTAAT,19,AAGCCTAGGATTAGTTCAAT,1
DEW169_AACTCAGT_AAGGTAAT,68,ATGACACACCGTTGGGAAAG,1
DEW169_AACTGCCT_CACAACAG,59,AGTATTTAAAAAGCTCTACA,1
DEW169_AACTGCCT_TGTTTGAG,46,AGAGAGGTGTACCGCGTAAT,1
DEW169_AAGAACAG_ACCTTGCC,119,CGGCACGTAAAAAAGTGGCG,1
DEW169_AAGAAGGT_CACGGACT,27,CGTAGCTGACATGGACTAAG,1
DEW169_AAGAAGGT_TGACGGAC,119,CGGCACGTAAAAAAGTGGCG,1
DEW169_AAGAGTAT_CGTAGAAG,70,ATGGACTCTCTGTACTACTA,1
DEW169_AAGCCTTC_GGGAGGTA,39,ACTACAGACTCGGGTCAAAT,1
DEW169_AAGGGACC_ACTGAGTT,67,ATCAGCAGGGCTAAGCTATT,1
DEW169_AAGGGACC_AGACACCA,38,ACGGCTCACAGCTATCGTGA,1
DEW169_AAGTCCAA_GGTCCCTT,12,AACATGTACTGTTATGGTCA,1
DEW169_AAGTCCAA_GGTCCCTT,181,GGGGGAACTATCGAGATATTTCG,1
DEW169_AAGTTGTC_GAATACGC,192,GTTGCCTTCGATATAGCGCC,4
DEW169_AATAAGGA_CAGTTTGC,39,ACTACAGACTCGGGTCAAAT,4
DEW169_AATAAGGA_CAGTTTGC,68,ATGACACACCGTTGGGAAAG,1
DEW169_AATAAGGA_GAAGCACT,172,GCGTCGTAACCTATATAAGG,1
DEW169_AATACATC_GAGCCCAT,27,CGTAGCTGACATGGACTAAG,9
DEW169_AATACATC_TCATATGG,191,GTGTTGAGAAGTCTAGGACC,1
DEW169_AATATGAC_GGCGGTTT,217,TGCGTTAGGAAAAACGCTGG,1
DEW169_AATATGAC_GGTGGGAT,105,CCTCTAAGCGAGAACAGCGC,1
DEW169_AATATGAC_TTCGTTCC,119,CGGCACGTAAAAAAGTGGCG,1
DEW169_AATATGAC_TTCGTTCC,173,GCTTAACCTGGTCAGGCGGA,1
DEW169_AATCCGGC_ACCCACGA,5,AAACAAAATGGATAAGTAAA,1
DEW169_AATCCGGC_ACCCACGA,27,CGTAGCTGACATGGACTAAG,2
DEW169_AATCCGGC_ACCCACGA,184,GGTATGGCCTTTGCCCATTG,4
DEW169_AATCCGGC_ACCCACGA,187,GTAATAGGAGGCTATCCCAT,2
DEW169_AATCCGGC_TCTGCATC,46,AGAGAGGTGTACCGCGTAAT,1
DEW169_AATCGTTC_ACCCACGA,27,CGTAGCTGACATGGACTAAG,1
DEW169_AATCGTTC_TCTGTGGT,27,CGTAGCTGACATGGACTAAG,1
DEW169_AATCGTTC_TCTGTGGT,119,CGGCACGTAAAAAAGTGGCG,1
DEW169_AATGGCGT_CATCGCAG,17,AAGACTTACATCAAGCCCTT,2
DEW169_AATGGCGT_CATCGCAG,59,AGTATTTAAAAAGCTCTACA,1
DEW169_AATGGCGT_CATCGCAG,167,GCGAAAAAGCCTTTGGTCCG,1
DEW169_AATGGCGT_GATGTATT,136,CTCACTAGCCAGAAGGGCTT,8
DEW169_ACAAAGAT_AATGAATG,39,ACTACAGACTCGGGTCAAAT,6
DEW169_ACAAGTAG_GGGAACCT,181,GGGGGAACTATCGAGATATTTCG,1
DEW169_ACACCAAG_GTTACCGC,192,GTTGCCTTCGATATAGCGCC,1
DEW169_ACAGATAA_CTTGGTGT,70,ATGGACTCTCTGTACTACTA,1
DEW169_ACAGGCCA_ATGACTTT,119,CGGCACGTAAAAAAGTGGCG,11
DEW169_ACAGGCCA_ATGACTTT,167,GCGAAAAAGCCTTTGGTCCG,1
DEW169_ACATGGAC_ACTAGGAT,49,AGCAATCGAGGAGCTAGCTC,1
DEW169_ACCAACCC_GAGAGTAT,12,AACATGTACTGTTATGGTCA,1
DEW169_ACCAACCC_TCTAGCAG,123,CGGGGGTCTGCCTACACA,1
DEW169_ACCACAGA_CGCTAGTC,27,CGTAGCTGACATGGACTAAG,2
DEW169_ACCACAGA_TCGACGGT,68,ATGACACACCGTTGGGAAAG,2
DEW169_ACCAGTTT_AAGCTTCT,33,ACACGTGGTACGCCCCTAAT,4
DEW169_ACCAGTTT_AAGCTTCT,187,GTAATAGGAGGCTATCCCAT,2
DEW169_ACCAGTTT_AAGCTTCT,212,TCGACATTCGGTTGATACCA,5
DEW169_ACCAGTTT_CACAACAG,17,AAGACTTACATCAAGCCCTT,1
DEW169_ACCAGTTT_GACAAAGG,111,CGATGGGGGAGCATAAAGGT,1
DEW169_ACCAGTTT_GACAAAGG,167,GCGAAAAAGCCTTTGGTCCG,1
DEW169_ACCAGTTT_TCCCAATC,165,GCCTCCCATCATAAACCCTG,1
DEW169_ACCCATGC_TGACCAGT,212,TCGACATTCGGTTGATACCA,1
DEW169_ACCCGATT_AGTTTAGA,213,TCGTAGTATATCTCCTTTAT,1
DEW169_ACCCTCAA_TCCCGTAG,68,ATGACACACCGTTGGGAAAG,1
DEW169_ACCGTCGA_CTTACTCC,8,AAAGGGACTCATACACAACC,9
DEW169_ACCGTCGA_CTTACTCC,46,AGAGAGGTGTACCGCGTAAT,5
DEW169_ACCGTCGA_CTTACTCC,49,AGCAATCGAGGAGCTAGCTC,3
DEW169_ACCGTCGA_CTTACTCC,131,CTACGATAAAACAGGCCGAA,7
DEW169_ACCGTCGA_CTTACTCC,135,CTCACGGCGCGCGAGAACAT,5
DEW169_ACCTTCCC_AGATGGCT,49,AGCAATCGAGGAGCTAGCTC,1
DEW169_ACCTTCCC_CACGGACT,185,GGTCTAAGGGTCAGGAGAAG,7
DEW169_ACCTTCCC_CACGGACT,204,TACCCTACGAGACTATATTA,7
DEW169_ACCTTCCC_CCATTTGA,15,AACGCCACAGGTGAAACAG,1
DEW169_ACCTTCCC_TGCGACAG,178,GGAGATTAATTGGATGTTGA,1
DEW169_ACGGCAGT_CAAGTCAT,119,CGGCACGTAAAAAAGTGGCG,1
DEW169_ACGGCAGT_CCCTTGGT,46,AGAGAGGTGTACCGCGTAAT,2
DEW169_ACGGCAGT_CCCTTGGT,131,CTACGATAAAACAGGCCGAA,2
DEW169_ACGGCAGT_CCCTTGGT,135,CTCACGGCGCGCGAGAACAT,1
DEW169_ACGGGTTA_CTGTTCTT,32,ACACGCAATGAGGCAGAGTA,7
DEW169_ACGGGTTA_CTGTTCTT,65,ATAATCTGCGGCACGGTGGC,3
DEW169_ACGGGTTA_CTGTTCTT,167,GCGAAAAAGCCTTTGGTCCG,1
DEW169_ACGTAAAC_GCTTACCT,70,ATGGACTCTCTGTACTACTA,1
DEW169_ACGTAAAC_GGATAAAG,111,CGATGGGGGAGCATAAAGGT,1
DEW169_ACTACCCG_TAACTACT,119,CGGCACGTAAAAAAGTGGCG,1
DEW169_ACTGCTGG_ACTCACCG,123,CGGGGGTCTGCCTACACA,1
DEW169_ACTGGTCA_ACTAGCCA,167,GCGAAAAAGCCTTTGGTCCG,3
DEW169_ACTGGTCA_ACTAGCCA,212,TCGACATTCGGTTGATACCA,1
DEW169_ACTGGTCA_CCTGACAC,67,ATCAGCAGGGCTAAGCTATT,8
DEW169_ACTGGTCA_GTCCAAAG,17,AAGACTTACATCAAGCCCTT,1
DEW169_AGAAACCA_GGGAACGA,8,AAAGGGACTCATACACAACC,1
DEW169_AGAAAGTG_GAAAGACC,178,GGAGATTAATTGGATGTTGA,1
DEW169_AGACCTCA_CTTGGTGT,192,GTTGCCTTCGATATAGCGCC,1
DEW169_AGACGAGG_GAATACGC,192,GTTGCCTTCGATATAGCGCC,1
DEW169_AGACGAGG_GATGTGAG,119,CGGCACGTAAAAAAGTGGCG,1
DEW169_AGAGGTGC_GGAGAAGC,192,GTTGCCTTCGATATAGCGCC,1
DEW169_AGCACGTA_CTTTCTTT,201,TAATCGAAGCACAGGGAATT,1
DEW169_AGCATGCC_TGTAAAGG,94,CCAGGGCGGAAAATAAGGAG,12
DEW169_AGCCATCT_CCTATTCA,67,ATCAGCAGGGCTAAGCTATT,1
DEW169_AGCCATCT_CGCTAGTC,70,ATGGACTCTCTGTACTACTA,3
DEW169_AGCCATCT_GGGAGGTA,39,ACTACAGACTCGGGTCAAAT,6
DEW169_AGCCATCT_GGGAGGTA,68,ATGACACACCGTTGGGAAAG,2
DEW169_AGCCATCT_GGGAGGTA,188,GTCTGTGGAAGCGTCCAGTA,1
DEW169_AGCGTGGT_CAGTTTGC,8,AAAGGGACTCATACACAACC,1
DEW169_AGCGTGGT_CAGTTTGC,206,TAGATACCTATGTTTATTAG,1
DEW169_AGCGTGGT_CCTGACAC,173,GCTTAACCTGGTCAGGCGGA,1
DEW169_AGCTCCAC_GGTTAGTG,60,AGTGCGACCCTGTACCAACG,3
DEW169_AGCTCCAC_GGTTAGTG,82,CAGAGATTTAAGTTCATGAA,6
DEW169_AGCTTCGA_TTGTTTAC,94,CCAGGGCGGAAAATAAGGAG,7
DEW169_AGGACACA_AGGCAACG,103,CCCTTCACTCACGCTACGAA,1
DEW169_AGGACACA_ATGGGCAC,26,AATACACCCAGGTTTCCATG,2
DEW169_AGGACACA_ATGGGCAC,119,CGGCACGTAAAAAAGTGGCG,1
DEW169_AGGACACA_GGGAAATC,49,AGCAATCGAGGAGCTAGCTC,6
DEW169_AGGACACA_GGGAAATC,68,ATGACACACCGTTGGGAAAG,1
DEW169_AGGACACA_GGGAAATC,135,CTCACGGCGCGCGAGAACAT,3
DEW169_AGGAGTCG_AAACTCGA,27,CGTAGCTGACATGGACTAAG,8
DEW169_AGGCAATA_ACATCTAT,42,ACTTGCAGGGTAGGTGTCGT,1
DEW169_AGGCAATA_ACATCTAT,217,TGCGTTAGGAAAAACGCTGG,1
DEW169_AGGCCGAA_GAGTTTCG,1,GAAAAAATTCCAAATTTACA,1
DEW169_AGGCGTTT_TCCAGTCC,212,TCGACATTCGGTTGATACCA,8
DEW169_AGGCGTTT_TTCCAGAC,131,CTACGATAAAACAGGCCGAA,1
DEW169_AGGGTAAA_CGTATCGG,187,GTAATAGGAGGCTATCCCAT,13
DEW169_AGGGTAAA_CGTATCGG,189,GTGTGTGGGCATAACTGTGC,5
DEW169_AGGTAAGC_CCTATTCA,167,GCGAAAAAGCCTTTGGTCCG,1
DEW169_AGGTATAT_CACAACAG,175,GGACATGACAGTTTTCTAAA,1
DEW169_AGTAGTTA_CTCGCGTA,27,CGTAGCTGACATGGACTAAG,1
DEW169_AGTAGTTA_GGGAGGTA,68,ATGACACACCGTTGGGAAAG,1
DEW169_AGTGCTTC_CAGATTAC,165,GCCTCCCATCATAAACCCTG,1
DEW169_AGTGCTTC_TCCCAATC,172,GCGTCGTAACCTATATAAGG,4
DEW169_AGTGCTTC_TTCGCTGG,103,CCCTTCACTCACGCTACGAA,1
DEW169_AGTTTGTA_ACGCAGAG,15,AACGCCACAGGTGAAACAG,1
DEW169_ATACACCC_CCCTTGGT,172,GCGTCGTAACCTATATAAGG,1
DEW169_ATACTCTC_ATATACCT,119,CGGCACGTAAAAAAGTGGCG,1
DEW169_ATATGGGT_CAATTAGT,155,GAGTAATCGGCTGACCTGTC,1
DEW169_ATATGGGT_GGCATGCT,1,GAAAAAATTCCAAATTTACA,8
DEW169_ATATGGGT_GGCATGCT,120,CGGGAACCTAGAAAGGGTAA,7
DEW169_ATATGGGT_GGCATGCT,170,GCGCAACGCACGCTACGGGA,7
DEW169_ATATGGGT_GGCATGCT,199,TAAGCACGGTTTAAGAACCG,9
DEW169_ATATGGGT_GGCATGCT,201,TAATCGAAGCACAGGGAATT,4
DEW169_ATATGGGT_GGGTTGGT,120,CGGGAACCTAGAAAGGGTAA,3
DEW169_ATATGGGT_TAGCCTCG,105,CCTCTAAGCGAGAACAGCGC,1
DEW169_ATCAATCG_ACGTATAC,91,CCAACCTGGCATAGACTAAG,1
DEW169_ATCGCGCT_ACGAAACG,39,ACTACAGACTCGGGTCAAAT,1
DEW169_ATCGTAAC_ATATAGGA,144,CTGTTAGGTTGATTTGCTTA,1
DEW169_ATCGTAAC_CCTACTAG,120,CGGGAACCTAGAAAGGGTAA,1
DEW169_ATCTTGGC_TCGACACC,199,TAAGCACGGTTTAAGAACCG,1
DEW169_ATGACTTG_GTAATCCC,222,TGTGTGCGCCTATAGCAAGG,1
DEW169_ATGCGGAG_TCGACGGT,148,GAAGCAAACAAAACAATTGC,1
DEW169_ATGCGGAG_TTAAACTG,187,GTAATAGGAGGCTATCCCAT,1
DEW169_ATGGGCTC_AGTTTAGA,5,AAACAAAATGGATAAGTAAA,2
DEW169_ATGGGCTC_AGTTTAGA,27,CGTAGCTGACATGGACTAAG,9
DEW169_ATGGGCTC_AGTTTAGA,41,ACTGTCGGCAGTGTTCACTC,3
DEW169_ATGGGCTC_AGTTTAGA,184,GGTATGGCCTTTGCCCATTG,3
DEW169_ATGGGCTC_TAGCCTCG,49,AGCAATCGAGGAGCTAGCTC,1
DEW169_ATGGGCTC_TAGCCTCG,215,TGCCCCAGAAGCAGGGTAGG,1
DEW169_ATGGGCTC_TGTACACG,192,GTTGCCTTCGATATAGCGCC,8
DEW169_ATTACCTT_AATTCCCA,172,GCGTCGTAACCTATATAAGG,20
DEW169_ATTACCTT_ACTCACCG,135,CTCACGGCGCGCGAGAACAT,1
DEW169_ATTACCTT_ATGGATTA,39,ACTACAGACTCGGGTCAAAT,1
DEW169_ATTACCTT_GAATACGC,192,GTTGCCTTCGATATAGCGCC,1
DEW169_ATTCTGAG_GGGAACGA,190,GTGTTCCTACACTGGACGAT,1
DEW169_ATTGAAGT_ATCTTTGT,39,ACTACAGACTCGGGTCAAAT,5
DEW169_ATTGAAGT_ATTGGGCC,49,AGCAATCGAGGAGCTAGCTC,1
DEW169_ATTGAAGT_ATTGGGCC,74,CAAGTATGTAAGATGTGCCG,1
DEW169_ATTGAAGT_GGGTGTAT,229,TTTAGACGTGCCCGTACCCC,1
DEW169_ATTGGCCC_ATACTCTT,130,CTACCAATGGATATAAGA,1
DEW169_ATTTCCAT_TCCCAATC,12,AACATGTACTGTTATGGTCA,8
DEW169_ATTTCCAT_TCCCAATC,88,CATGCACGGAGTATAGGA,1
DEW169_ATTTCCAT_TCCCAATC,101,CCCTCGGGGCCAGGCGATGC,11
DEW169_ATTTCCAT_TCCCAATC,102,CCCTTCAAGAACGCTTAGG,1
DEW169_ATTTCCAT_TCCCAATC,165,GCCTCCCATCATAAACCCTG,13
DEW169_ATTTGTTG_ACTAGGAT,22,AAGGGCCGTCCGGGCTAGTG,5
DEW169_ATTTGTTG_TAACTACT,27,CGTAGCTGACATGGACTAAG,1
DEW169_CAAACATT_TAAGACGG,17,AAGACTTACATCAAGCCCTT,1
DEW169_CAAACATT_TAAGACGG,143,CTGTTAAGCATAGGACGCAA,1
DEW169_CAACGCAG_GTCAATAC,219,TGGAAATGAAAGTGTAGCAA,1
DEW169_CAACGCAG_TGAGGTCT,165,GCCTCCCATCATAAACCCTG,1
DEW169_CAAGGAAT_ACTGCCGT,104,CCGTCGGAACCAAAATAAGG,1
DEW169_CAAGGAAT_TCGACACC,27,CGTAGCTGACATGGACTAAG,1
DEW169_CAAGGTAC_TCATCCTT,119,CGGCACGTAAAAAAGTGGCG,9
DEW169_CAAGGTAC_TCATCCTT,173,GCTTAACCTGGTCAGGCGGA,13
DEW169_CAATCTAG_ATCCCACG,192,GTTGCCTTCGATATAGCGCC,1
DEW169_CAATCTAG_GACAGATA,229,TTTAGACGTGCCCGTACCCC,1
DEW169_CAATTCTC_GATCTCGG,40,ACTAGCAGGCACAAACTCAT,1
DEW169_CAATTCTC_GATCTCGG,192,GTTGCCTTCGATATAGCGCC,3
DEW169_CAATTCTC_TGTTTGAG,119,CGGCACGTAAAAAAGTGGCG,1
DEW169_CACTAACC_AGCGCCTT,101,CCCTCGGGGCCAGGCGATGC,1
DEW169_CACTAACC_AGCGCCTT,165,GCCTCCCATCATAAACCCTG,3
DEW169_CACTAACC_AGCGCCTT,167,GCGAAAAAGCCTTTGGTCCG,1
DEW169_CACTAACC_AGCGCCTT,173,GCTTAACCTGGTCAGGCGGA,1
DEW169_CACTAACC_TCGGTTTA,192,GTTGCCTTCGATATAGCGCC,1
DEW169_CAGATGGG_AAGCGTAC,172,GCGTCGTAACCTATATAAGG,7
DEW169_CAGATGGG_ATATGCAT,206,TAGATACCTATGTTTATTAG,1
DEW169_CAGGTTGC_TGACCAGT,22,AAGGGCCGTCCGGGCTAGTG,1
DEW169_CAGTTTAA_TGACCAGT,8,AAAGGGACTCATACACAACC,10
DEW169_CAGTTTAA_TGACCAGT,49,AGCAATCGAGGAGCTAGCTC,3
DEW169_CAGTTTAA_TGACCAGT,68,ATGACACACCGTTGGGAAAG,1
DEW169_CAGTTTAA_TGACCAGT,130,CTACCAATGGATATAAGA,12
DEW169_CAGTTTAA_TGACCAGT,135,CTCACGGCGCGCGAGAACAT,3
DEW169_CAGTTTAA_TGGGATTC,165,GCCTCCCATCATAAACCCTG,1
DEW169_CATGACGA_ATATGCAT,131,CTACGATAAAACAGGCCGAA,1
DEW169_CATGCTGC_TGGAGGAG,64,ATAACTCAGCACAGAAGGTC,1
DEW169_CATTCATT_ACCACGCT,8,AAAGGGACTCATACACAACC,1
DEW169_CATTCATT_ACCACGCT,27,CGTAGCTGACATGGACTAAG,1
DEW169_CATTCATT_ACCACGCT,172,GCGTCGTAACCTATATAAGG,1
DEW169_CATTCGGG_GCAAGGAC,111,CGATGGGGGAGCATAAAGGT,1
DEW169_CATTTCTA_AGGTTGTG,49,AGCAATCGAGGAGCTAGCTC,1
DEW169_CATTTCTA_TCCCGTAG,192,GTTGCCTTCGATATAGCGCC,6
DEW169_CATTTCTA_TCTGCATC,172,GCGTCGTAACCTATATAAGG,15
DEW169_CATTTCTA_TTAGTCCG,27,CGTAGCTGACATGGACTAAG,1
DEW169_CCACCTCT_AGCGCCTT,22,AAGGGCCGTCCGGGCTAGTG,1
DEW169_CCACCTCT_CTTAGGTA,27,CGTAGCTGACATGGACTAAG,6
DEW169_CCACGTTG_AGTGATGC,87,CATCGAACACGTAAAACATA,1
DEW169_CCACGTTG_CAATACTT,67,ATCAGCAGGGCTAAGCTATT,1
DEW169_CCACGTTG_GAGCCCAT,8,AAAGGGACTCATACACAACC,1
DEW169_CCACGTTG_GTTGTCAT,73,CAAGATGCCAGAGCACTCCA,6
DEW169_CCAGACAG_GAGCGGTA,187,GTAATAGGAGGCTATCCCAT,2
DEW169_CCAGACAG_GAGCGGTA,212,TCGACATTCGGTTGATACCA,7
DEW169_CCAGCGAA_TAGTGGAC,103,CCCTTCACTCACGCTACGAA,1
DEW169_CCATCCAC_TCCTTATT,119,CGGCACGTAAAAAAGTGGCG,2
DEW169_CCATCCAC_TCCTTATT,167,GCGAAAAAGCCTTTGGTCCG,2
DEW169_CCATCCAC_TTGTGACT,4,AAAAGCCCTGCCAGATAAAG,1
DEW169_CCATCCAC_TTGTGACT,39,ACTACAGACTCGGGTCAAAT,2
DEW169_CCATCCAC_TTGTGACT,68,ATGACACACCGTTGGGAAAG,1
DEW169_CCATGCAT_CTTCGCAC,8,AAAGGGACTCATACACAACC,1
DEW169_CCCGTAAG_TTTACCCT,11,AACACATAACTCAGAATGGT,1
DEW169_CCCGTAAG_TTTACCCT,120,CGGGAACCTAGAAAGGGTAA,3
DEW169_CCCGTAAG_TTTACCCT,201,TAATCGAAGCACAGGGAATT,1
DEW169_CCCGTTCT_CAATACTT,119,CGGCACGTAAAAAAGTGGCG,7
DEW169_CCCGTTCT_CAATACTT,167,GCGAAAAAGCCTTTGGTCCG,5
DEW169_CCCGTTCT_CAATACTT,173,GCTTAACCTGGTCAGGCGGA,1
DEW169_CCCGTTCT_TGCGTATC,105,CCTCTAAGCGAGAACAGCGC,1
DEW169_CCCTCTTG_TCGACACC,63,ATAAACTAGAACAGTGTGAG,1
DEW169_CCCTCTTG_TCGACACC,221,TGGACGGGATTCCATCCCAC,1
DEW169_CCCTGTTT_CCTATTCA,8,AAAGGGACTCATACACAACC,1
DEW169_CCCTGTTT_CCTATTCA,192,GTTGCCTTCGATATAGCGCC,6
DEW169_CCCTTGCA_CCAACCGT,144,CTGTTAGGTTGATTTGCTTA,1
DEW169_CCGACTTT_TTGGCGTT,192,GTTGCCTTCGATATAGCGCC,1
DEW169_CCGAGATC_AGAGACTA,9,AAATCTTAAGAGGAGAGCTT,2
DEW169_CCGAGATC_AGAGACTA,26,AATACACCCAGGTTTCCATG,4
DEW169_CCGAGATC_AGAGACTA,42,ACTTGCAGGGTAGGTGTCGT,3
DEW169_CCGAGATC_AGAGACTA,62,ATAAACACATCAAATATATA,1
DEW169_CCGAGATC_AGAGACTA,66,ATCAACTACCGAGTAGTCCT,1
DEW169_CCGAGATC_AGAGACTA,76,CACAGGAAGTAAAAAAACAG,1
DEW169_CCGAGATC_AGAGACTA,128,CTAAATAAATAGGATCAGAG,3
DEW169_CCGAGATC_AGAGACTA,132,CTAGAGGTGGAACTATGTGG,3
DEW169_CCGAGATC_AGAGACTA,169,GCGATTTCAAAAGCCCAGTT,1
DEW169_CCGAGATC_AGAGACTA,197,TAAGAAATGCCTTCACAGGC,2
DEW169_CCGAGATC_AGAGACTA,217,TGCGTTAGGAAAAACGCTGG,5
DEW169_CCGAGATC_AGAGACTA,229,TTTAGACGTGCCCGTACCCC,1
DEW169_CCGAGATC_GCATGGGT,128,CTAAATAAATAGGATCAGAG,6
DEW169_CCGAGATC_GCTCTAGT,17,AAGACTTACATCAAGCCCTT,1
DEW169_CCGAGATC_GGCATGCT,7,AAAGGACGGAATAAGAAAAG,1
DEW169_CCGAGATC_GGCATGCT,13,AACCAAAAACTGAGTGGCCA,2
DEW169_CCGAGATC_GGCATGCT,29,AATGGTGCTCAGCCCCTTAT,5
DEW169_CCGAGATC_GGCATGCT,62,ATAAACACATCAAATATATA,1
DEW169_CCGAGATC_GGCATGCT,66,ATCAACTACCGAGTAGTCCT,1
DEW169_CCGAGATC_GGCATGCT,87,CATCGAACACGTAAAACATA,3
DEW169_CCGAGATC_GGCATGCT,93,CCACCTAGACACGTTATG,1
DEW169_CCGAGATC_GGCATGCT,128,CTAAATAAATAGGATCAGAG,2
DEW169_CCGAGATC_GGCATGCT,132,CTAGAGGTGGAACTATGTGG,2
DEW169_CCGAGATC_GGCATGCT,169,GCGATTTCAAAAGCCCAGTT,6
DEW169_CCGAGATC_GGCATGCT,197,TAAGAAATGCCTTCACAGGC,3
DEW169_CCGAGATC_GGCATGCT,217,TGCGTTAGGAAAAACGCTGG,2
DEW169_CCGAGATC_GGCATGCT,229,TTTAGACGTGCCCGTACCCC,5
DEW169_CCGAGATC_GGGTTGGT,128,CTAAATAAATAGGATCAGAG,1
DEW169_CCGAGATC_GTCGTCGT,119,CGGCACGTAAAAAAGTGGCG,1
DEW169_CCGTAGCT_GAACGATT,67,ATCAGCAGGGCTAAGCTATT,1
DEW169_CCGTAGCT_TGATAACA,167,GCGAAAAAGCCTTTGGTCCG,1
DEW169_CCGTAGCT_TGATAACA,173,GCTTAACCTGGTCAGGCGGA,2
DEW169_CCGTCTTA_GAGCGGTA,173,GCTTAACCTGGTCAGGCGGA,1
DEW169_CCGTCTTA_GAGCGGTA,206,TAGATACCTATGTTTATTAG,1
DEW169_CCGTCTTA_TCCAGGGA,105,CCTCTAAGCGAGAACAGCGC,1
DEW169_CCTCATGA_GCCGGATT,178,GGAGATTAATTGGATGTTGA,1
DEW169_CCTCATGA_TAGCCTCG,41,ACTGTCGGCAGTGTTCACTC,1
DEW169_CCTCATGA_TAGCCTCG,184,GGTATGGCCTTTGCCCATTG,3
DEW169_CCTTTACA_GGGAAATC,33,ACACGTGGTACGCCCCTAAT,12
DEW169_CCTTTACA_GGGAAATC,167,GCGAAAAAGCCTTTGGTCCG,10
DEW169_CCTTTACA_GGGAAATC,212,TCGACATTCGGTTGATACCA,8
DEW169_CCTTTGTC_CGAGTCTG,159,GCAAACTAACATGCACACAG,1
DEW169_CGAACCGA_CTAGATTG,9,AAATCTTAAGAGGAGAGCTT,1
DEW169_CGAACCGA_CTAGATTG,130,CTACCAATGGATATAAGA,1
DEW169_CGAAGAAG_ATCAAGTG,22,AAGGGCCGTCCGGGCTAGTG,1
DEW169_CGAAGAAG_ATCAAGTG,192,GTTGCCTTCGATATAGCGCC,1
DEW169_CGACATTT_GATCTCGG,105,CCTCTAAGCGAGAACAGCGC,1
DEW169_CGACATTT_GATCTCGG,199,TAAGCACGGTTTAAGAACCG,1
DEW169_CGAGGCTA_CGAGATGT,130,CTACCAATGGATATAAGA,1
DEW169_CGAGGCTA_GTACACTC,101,CCCTCGGGGCCAGGCGATGC,1
DEW169_CGATCCAA_AGTGATGC,119,CGGCACGTAAAAAAGTGGCG,1
DEW169_CGATGGCA_CAATTAGT,33,ACACGTGGTACGCCCCTAAT,1
DEW169_CGATGGCA_CAATTAGT,167,GCGAAAAAGCCTTTGGTCCG,1
DEW169_CGATGGCA_GCAGGGTA,192,GTTGCCTTCGATATAGCGCC,3
DEW169_CGGACTAA_CAGGTGTC,73,CAAGATGCCAGAGCACTCCA,9
DEW169_CGGACTAA_CTTTCTTT,28,AATCGTATGTACATGCATCC,5
DEW169_CGGACTAA_CTTTCTTT,49,AGCAATCGAGGAGCTAGCTC,4
DEW169_CGGTGAGT_CTTCGATT,27,CGTAGCTGACATGGACTAAG,3
DEW169_CGTACCGA_CGATTGAT,27,CGTAGCTGACATGGACTAAG,6
DEW169_CGTGCAAC_TTCCAGAC,190,GTGTTCCTACACTGGACGAT,1
DEW169_CGTGTACA_TTGCATAT,27,CGTAGCTGACATGGACTAAG,5
DEW169_CGTGTGTT_CGCTAGTC,103,CCCTTCACTCACGCTACGAA,1
DEW169_CGTTTCGT_AGATGGCT,14,AACCATCTAAAAAAACGCCC,1
DEW169_CGTTTCGT_TGCGACAG,66,ATCAACTACCGAGTAGTCCT,1
DEW169_CTACGGGA_CTTACTCC,42,ACTTGCAGGGTAGGTGTCGT,1
DEW169_CTAGCACG_CGTCAGCA,2,AAAAAGTCAGAAGATAGTC,1
DEW169_CTAGCACG_CGTCAGCA,12,AACATGTACTGTTATGGTCA,11
DEW169_CTAGCACG_CGTCAGCA,98,CCCACGGCACCTAATACAATG,1
DEW169_CTAGCACG_CGTCAGCA,101,CCCTCGGGGCCAGGCGATGC,6
DEW169_CTAGCACG_CGTCAGCA,127,CTAAACGAAAAAAATCCCAG,1
DEW169_CTAGCACG_CGTCAGCA,151,GACTGAAAAGGATAGGTAG,1
DEW169_CTAGCACG_CGTCAGCA,161,GCAATATAACCTGGACAAG,1
DEW169_CTAGCACG_CGTCAGCA,165,GCCTCCCATCATAAACCCTG,9
DEW169_CTAGCACG_CGTCAGCA,213,TCGTAGTATATCTCCTTTAT,6
DEW169_CTAGTAGG_GATGTATT,32,ACACGCAATGAGGCAGAGTA,2
DEW169_CTAGTAGG_GATGTATT,65,ATAATCTGCGGCACGGTGGC,3
DEW169_CTAGTAGG_GATGTATT,167,GCGAAAAAGCCTTTGGTCCG,1
DEW169_CTCAAACA_AAACCTCC,111,CGATGGGGGAGCATAAAGGT,1
DEW169_CTCAAACA_CGCCTTGA,169,GCGATTTCAAAAGCCCAGTT,1
DEW169_CTCAAACA_CTTAGGTA,12,AACATGTACTGTTATGGTCA,1
DEW169_CTCAAACA_GAAGGCTT,130,CTACCAATGGATATAAGA,1
DEW169_CTCAAACA_TTGCACGC,33,ACACGTGGTACGCCCCTAAT,1
DEW169_CTCAAACA_TTGCACGC,212,TCGACATTCGGTTGATACCA,2
DEW169_CTCCCAAA_ATCCGCTA,32,ACACGCAATGAGGCAGAGTA,5
DEW169_CTCCCAAA_ATCCGCTA,65,ATAATCTGCGGCACGGTGGC,2
DEW169_CTCCCAAA_GGTGACAC,49,AGCAATCGAGGAGCTAGCTC,1
DEW169_CTCCTCCA_ATGAAGCA,167,GCGAAAAAGCCTTTGGTCCG,2
DEW169_CTCCTCCA_ATGAAGCA,173,GCTTAACCTGGTCAGGCGGA,5
DEW169_CTCCTCCA_CTTCGATT,8,AAAGGGACTCATACACAACC,1
DEW169_CTCCTCCA_CTTCGATT,46,AGAGAGGTGTACCGCGTAAT,1
DEW169_CTCTATAG_GGTGACAC,39,ACTACAGACTCGGGTCAAAT,1
DEW169_CTCTATAG_GTTACCGC,12,AACATGTACTGTTATGGTCA,1
DEW169_CTGAGCGT_CTTTAATC,195,TAAAAAGACGACGCTCAGTG,5
DEW169_CTGGAACA_CGAATAAT,131,CTACGATAAAACAGGCCGAA,1
DEW169_CTGGAACA_CGCTCTCA,173,GCTTAACCTGGTCAGGCGGA,1
DEW169_CTGGAACA_CTGTCTGG,172,GCGTCGTAACCTATATAAGG,1
DEW169_CTGGGTAT_CAGTTTGC,39,ACTACAGACTCGGGTCAAAT,1
DEW169_CTGTTAAA_AAGATTGT,172,GCGTCGTAACCTATATAAGG,1
DEW169_CTGTTAAA_CAATTAGT,70,ATGGACTCTCTGTACTACTA,1
DEW169_CTGTTTCC_AAATCGTT,192,GTTGCCTTCGATATAGCGCC,2
DEW169_CTGTTTCC_TCTCAACC,27,CGTAGCTGACATGGACTAAG,1
DEW169_CTGTTTCC_TTGCACGC,27,CGTAGCTGACATGGACTAAG,13
DEW169_CTTAGTGT_ACCCACGA,135,CTCACGGCGCGCGAGAACAT,1
DEW169_CTTAGTGT_GGGTGTAT,30,AATTGAAAGGGACAGTTAAA,1
DEW169_CTTAGTGT_GGGTGTAT,105,CCTCTAAGCGAGAACAGCGC,2
DEW169_CTTAGTGT_GGGTGTAT,111,CGATGGGGGAGCATAAAGGT,2
DEW169_CTTAGTGT_GGGTGTAT,123,CGGGGGTCTGCCTACACA,1
DEW169_CTTAGTGT_GGGTGTAT,144,CTGTTAGGTTGATTTGCTTA,4
DEW169_CTTAGTGT_GGGTGTAT,145,CTTAACAATTACCACAGGGA,2
DEW169_CTTAGTGT_GGGTGTAT,181,GGGGGAACTATCGAGATATTTCG,1
DEW169_CTTAGTGT_GGGTGTAT,202,TACACAAGGAAGCAGTATAA,3
DEW169_CTTAGTGT_GGGTGTAT,215,TGCCCCAGAAGCAGGGTAGG,3
DEW169_CTTTCACT_CGACGTCA,27,CGTAGCTGACATGGACTAAG,1
DEW169_GAAAGACA_GGCGGTTT,39,ACTACAGACTCGGGTCAAAT,1
DEW169_GAAGATAT_ATTCCTTG,165,GCCTCCCATCATAAACCCTG,1
DEW169_GAAGATAT_GATTAGAC,187,GTAATAGGAGGCTATCCCAT,1
DEW169_GAATCCCA_CACAGTTT,13,AACCAAAAACTGAGTGGCCA,1
DEW169_GAATCCCA_CACAGTTT,23,AAGGTGTGCATGAGGCGGCG,1
DEW169_GAATCCCA_CACAGTTT,169,GCGATTTCAAAAGCCCAGTT,1
DEW169_GACACCTG_AGGATTCA,101,CCCTCGGGGCCAGGCGATGC,1
DEW169_GATGCAGA_CTGTTCTT,74,CAAGTATGTAAGATGTGCCG,1
DEW169_GATGCAGA_GTTTGTTT,8,AAAGGGACTCATACACAACC,10
DEW169_GATGCAGA_GTTTGTTT,46,AGAGAGGTGTACCGCGTAAT,7
DEW169_GATGCAGA_GTTTGTTT,68,ATGACACACCGTTGGGAAAG,1
DEW169_GATGCAGA_GTTTGTTT,131,CTACGATAAAACAGGCCGAA,5
DEW169_GATGCAGA_GTTTGTTT,135,CTCACGGCGCGCGAGAACAT,4
DEW169_GATGGTTA_AGTTTAGA,219,TGGAAATGAAAGTGTAGCAA,6
DEW169_GATGTGGC_ACGGTAGC,8,AAAGGGACTCATACACAACC,1
DEW169_GATGTGGC_ACGGTAGC,130,CTACCAATGGATATAAGA,1
DEW169_GATGTGGC_CCTATTCA,130,CTACCAATGGATATAAGA,1
DEW169_GATTAAAG_CGATTGAT,211,TCCCTGATGCGTCTGTTGAG,9
DEW169_GATTACTT_AGAGGTGG,70,ATGGACTCTCTGTACTACTA,1
DEW169_GATTACTT_GGGTGTAT,11,AACACATAACTCAGAATGGT,1
DEW169_GATTACTT_GGTCACAG,192,GTTGCCTTCGATATAGCGCC,1
DEW169_GATTACTT_TGACGGAC,181,GGGGGAACTATCGAGATATTTCG,1
DEW169_GCAAACTG_CCTACTAG,49,AGCAATCGAGGAGCTAGCTC,1
DEW169_GCAAACTG_CCTACTAG,165,GCCTCCCATCATAAACCCTG,1
DEW169_GCACTCAG_CGCTAATA,119,CGGCACGTAAAAAAGTGGCG,1
DEW169_GCATCACT_TTGGACTT,38,ACGGCTCACAGCTATCGTGA,1
DEW169_GCATCACT_TTGGACTT,72,ATTAACTCAGAATTGCAACC,4
DEW169_GCATCACT_TTGGACTT,109,CGATAAATAAAGCCAAATTG,1
DEW169_GCATCACT_TTGGACTT,187,GTAATAGGAGGCTATCCCAT,2
DEW169_GCATCACT_TTTGTGTC,167,GCGAAAAAGCCTTTGGTCCG,7
DEW169_GCATCGAG_GATGTGAG,120,CGGGAACCTAGAAAGGGTAA,1
DEW169_GCCAACAT_AGTGATGC,8,AAAGGGACTCATACACAACC,2
DEW169_GCCAACAT_AGTGATGC,49,AGCAATCGAGGAGCTAGCTC,1
DEW169_GCCAACAT_AGTGATGC,130,CTACCAATGGATATAAGA,2
DEW169_GCCTGGTA_CGTAGAAG,173,GCTTAACCTGGTCAGGCGGA,1
DEW169_GCCTTGTG_GGCCTAAG,119,CGGCACGTAAAAAAGTGGCG,1
DEW169_GCGCTGAT_GGAATAGA,15,AACGCCACAGGTGAAACAG,1
DEW169_GCGCTGAT_GGAATAGA,199,TAAGCACGGTTTAAGAACCG,1
DEW169_GCGCTGAT_GTTCAACT,8,AAAGGGACTCATACACAACC,1
DEW169_GCGCTGAT_TAAATAGG,191,GTGTTGAGAAGTCTAGGACC,1
DEW169_GCGGTAAC_TTATCTGT,70,ATGGACTCTCTGTACTACTA,1
DEW169_GCGTATTC_CTTCAGGT,101,CCCTCGGGGCCAGGCGATGC,1
DEW169_GCGTATTC_CTTCAGGT,165,GCCTCCCATCATAAACCCTG,1
DEW169_GCGTATTC_TCCCGTAG,27,CGTAGCTGACATGGACTAAG,1
DEW169_GCGTATTC_TTCGCTGG,173,GCTTAACCTGGTCAGGCGGA,1
DEW169_GCTAAGTT_ATATCTTC,19,AAGCCTAGGATTAGTTCAAT,1
DEW169_GCTAAGTT_GTTACGAT,202,TACACAAGGAAGCAGTATAA,1
DEW169_GCTTCTCC_CCCGACTT,103,CCCTTCACTCACGCTACGAA,1
DEW169_GGAACGAA_CGTCAGCA,49,AGCAATCGAGGAGCTAGCTC,1
DEW169_GGAACGAA_TTGATCTA,105,CCTCTAAGCGAGAACAGCGC,1
DEW169_GGAAGTCC_ACACTAAG,192,GTTGCCTTCGATATAGCGCC,1
DEW169_GGACTTCT_ACGAAACG,192,GTTGCCTTCGATATAGCGCC,6
DEW169_GGAGGTTT_CGGCTTAC,119,CGGCACGTAAAAAAGTGGCG,1
DEW169_GGAGGTTT_TGACCAGT,22,AAGGGCCGTCCGGGCTAGTG,14
DEW169_GGAGTAAG_TTATAGCC,67,ATCAGCAGGGCTAAGCTATT,4
DEW169_GGATTGTT_AACAATCC,119,CGGCACGTAAAAAAGTGGCG,1
DEW169_GGATTGTT_CGGAATTT,167,GCGAAAAAGCCTTTGGTCCG,1
DEW169_GGCCCAAT_AGCTACGG,73,CAAGATGCCAGAGCACTCCA,1
DEW169_GGCCCAAT_GAAAGACC,27,CGTAGCTGACATGGACTAAG,3
DEW169_GGCCCAAT_TGTACACG,172,GCGTCGTAACCTATATAAGG,21
DEW169_GGCGACAA_AGGAAGAC,101,CCCTCGGGGCCAGGCGATGC,1
DEW169_GGCGACAA_GCTTACCT,67,ATCAGCAGGGCTAAGCTATT,11
DEW169_GGCTATAA_TAGTCTAG,119,CGGCACGTAAAAAAGTGGCG,6
DEW169_GGCTATAA_TAGTCTAG,167,GCGAAAAAGCCTTTGGTCCG,6
DEW169_GGCTATAA_TAGTCTAG,173,GCTTAACCTGGTCAGGCGGA,9
DEW169_GGCTATAA_TCGGTACG,26,AATACACCCAGGTTTCCATG,1
DEW169_GGCTTTGC_CCTATTCA,27,CGTAGCTGACATGGACTAAG,1
DEW169_GGGAGATG_CTAGTAAC,119,CGGCACGTAAAAAAGTGGCG,1
DEW169_GGGAGATG_GTTCAACT,114,CGGAACAGACATGGACTAAG,1
DEW169_GGGATTAC_CATTTGTT,119,CGGCACGTAAAAAAGTGGCG,1
DEW169_GGGATTAC_TGCGTATC,17,AAGACTTACATCAAGCCCTT,1
DEW169_GGGCATCA_AACCTGAC,74,CAAGTATGTAAGATGTGCCG,1
DEW169_GGGTCATT_TGTAAAGG,1,GAAAAAATTCCAAATTTACA,3
DEW169_GGGTCATT_TGTAAAGG,74,CAAGTATGTAAGATGTGCCG,1
DEW169_GGGTCATT_TGTAAAGG,118,CGGATTATGTTCAGTAGGTC,5
DEW169_GGGTCATT_TGTAAAGG,120,CGGGAACCTAGAAAGGGTAA,6
DEW169_GGGTCATT_TGTAAAGG,199,TAAGCACGGTTTAAGAACCG,3
DEW169_GGGTCATT_TGTAAAGG,201,TAATCGAAGCACAGGGAATT,8
DEW169_GGGTCTAG_GCCACATC,30,AATTGAAAGGGACAGTTAAA,1
DEW169_GGGTCTAG_GCCACATC,74,CAAGTATGTAAGATGTGCCG,1
DEW169_GGGTCTAG_TAGTCGCA,49,AGCAATCGAGGAGCTAGCTC,1
DEW169_GGGTCTAG_TAGTCGCA,135,CTCACGGCGCGCGAGAACAT,2
DEW169_GGTAAATC_AGCGCGAT,49,AGCAATCGAGGAGCTAGCTC,1
DEW169_GGTAAATC_AGCGCGAT,68,ATGACACACCGTTGGGAAAG,1
DEW169_GGTAAATC_TCGAAGCT,228,TTGGACGCGGATTTCCTTTT,1
DEW169_GGTAAATC_TTGATTCT,119,CGGCACGTAAAAAAGTGGCG,1
DEW169_GGTAAATC_TTGATTCT,199,TAAGCACGGTTTAAGAACCG,1
DEW169_GGTAGCCA_AGCTACGG,73,CAAGATGCCAGAGCACTCCA,8
DEW169_GGTAGCCA_CCTATTCA,213,TCGTAGTATATCTCCTTTAT,1
DEW169_GGTCCTAA_GTAACGTT,74,CAAGTATGTAAGATGTGCCG,1
DEW169_GGTCTTTC_ATGACTTT,208,TCAGGAAAGAGGCTAACTGC,6
DEW169_GGTCTTTC_TGTAAAGG,118,CGGATTATGTTCAGTAGGTC,1
DEW169_GGTCTTTC_TTGAGGGT,109,CGATAAATAAAGCCAAATTG,1
DEW169_GGTTACAC_GTCAAAGA,119,CGGCACGTAAAAAAGTGGCG,1
DEW169_GGTTAGGG_TTGCACGC,33,ACACGTGGTACGCCCCTAAT,6
DEW169_GGTTAGGG_TTGCACGC,187,GTAATAGGAGGCTATCCCAT,2
DEW169_GGTTAGGG_TTGCACGC,212,TCGACATTCGGTTGATACCA,7
DEW169_GGTTGAGA_CCCAAGCA,49,AGCAATCGAGGAGCTAGCTC,1
DEW169_GGTTGAGA_TCGACGGT,167,GCGAAAAAGCCTTTGGTCCG,6
DEW169_GGTTGAGA_TCGACGGT,187,GTAATAGGAGGCTATCCCAT,1
DEW169_GGTTGAGA_TCGACGGT,212,TCGACATTCGGTTGATACCA,3
DEW169_GTAATCTG_TAGTCGCA,208,TCAGGAAAGAGGCTAACTGC,12
DEW169_GTACGCTT_CGGCTTAC,17,AAGACTTACATCAAGCCCTT,1
DEW169_GTACGCTT_TTATAGCC,226,TTGACGTTACACTGCAAACT,1
DEW169_GTACGGAC_GAATACGC,27,CGTAGCTGACATGGACTAAG,7
DEW169_GTACGGAC_TTTGTGTC,17,AAGACTTACATCAAGCCCTT,1
DEW169_GTACGGAC_TTTGTGTC,70,ATGGACTCTCTGTACTACTA,1
DEW169_GTATACGT_CGAGATGT,74,CAAGTATGTAAGATGTGCCG,1
DEW169_GTATTGAC_CGTATCGG,34,ACACTCTATCAGGCATTGCG,1
DEW169_GTATTGAC_TGTAAAGG,141,CTGCAGACTATAGGCGGATA,1
DEW169_GTATTGAC_TGTAAAGG,144,CTGTTAGGTTGATTTGCTTA,1
DEW169_GTCAGACC_ACCCATAT,9,AAATCTTAAGAGGAGAGCTT,2
DEW169_GTCAGACC_ACCCATAT,23,AAGGTGTGCATGAGGCGGCG,6
DEW169_GTCAGACC_ACCCATAT,26,AATACACCCAGGTTTCCATG,7
DEW169_GTCAGACC_ACCCATAT,29,AATGGTGCTCAGCCCCTTAT,2
DEW169_GTCAGACC_ACCCATAT,42,ACTTGCAGGGTAGGTGTCGT,4
DEW169_GTCAGACC_ACCCATAT,62,ATAAACACATCAAATATATA,4
DEW169_GTCAGACC_ACCCATAT,66,ATCAACTACCGAGTAGTCCT,7
DEW169_GTCAGACC_ACCCATAT,76,CACAGGAAGTAAAAAAACAG,6
DEW169_GTCAGACC_ACCCATAT,128,CTAAATAAATAGGATCAGAG,8
DEW169_GTCAGACC_ACCCATAT,132,CTAGAGGTGGAACTATGTGG,6
DEW169_GTCAGACC_ACCCATAT,169,GCGATTTCAAAAGCCCAGTT,2
DEW169_GTCAGACC_ACCCATAT,171,GCGTCCGAGCTATTAGAAAG,5
DEW169_GTCAGACC_ACCCATAT,217,TGCGTTAGGAAAAACGCTGG,7
DEW169_GTCAGACC_ACCCATAT,229,TTTAGACGTGCCCGTACCCC,3
DEW169_GTCAGACC_TGGGATTC,213,TCGTAGTATATCTCCTTTAT,1
DEW169_GTCCGTCA_ACGGTAGC,123,CGGGGGTCTGCCTACACA,1
DEW169_GTCCTTGC_CTCTTGAC,118,CGGATTATGTTCAGTAGGTC,1
DEW169_GTCTAATC_GAGTTCAC,74,CAAGTATGTAAGATGTGCCG,7
DEW169_GTCTAATC_GAGTTCAC,148,GAAGCAAACAAAACAATTGC,10
DEW169_GTCTAATC_GAGTTCAC,190,GTGTTCCTACACTGGACGAT,10
DEW169_GTCTAATC_GAGTTCAC,199,TAAGCACGGTTTAAGAACCG,4
DEW169_GTCTAATC_GGAGAAGC,70,ATGGACTCTCTGTACTACTA,1
DEW169_GTCTAATC_GGCGGTTT,27,CGTAGCTGACATGGACTAAG,1
DEW169_GTCTAATC_TGGAGGAG,27,CGTAGCTGACATGGACTAAG,1
DEW169_GTCTAATC_TGGAGGAG,119,CGGCACGTAAAAAAGTGGCG,1
DEW169_GTCTGGAA_TCATATGG,8,AAAGGGACTCATACACAACC,1
DEW169_GTCTGGAA_TCATATGG,131,CTACGATAAAACAGGCCGAA,1
DEW169_GTCTGGAA_TTAAACTG,167,GCGAAAAAGCCTTTGGTCCG,1
DEW169_GTCTTCCT_AGCTATGA,190,GTGTTCCTACACTGGACGAT,1
DEW169_GTCTTCCT_AGCTATGA,199,TAAGCACGGTTTAAGAACCG,1
DEW169_GTCTTCCT_AGCTATGA,206,TAGATACCTATGTTTATTAG,1
DEW169_GTGAACTC_AGCGAAGT,49,AGCAATCGAGGAGCTAGCTC,1
DEW169_GTGAACTC_ATGACCGA,27,CGTAGCTGACATGGACTAAG,1
DEW169_GTGAACTC_GTCAATAC,101,CCCTCGGGGCCAGGCGATGC,8
DEW169_GTGAACTC_GTCAATAC,165,GCCTCCCATCATAAACCCTG,7
DEW169_GTGAACTC_GTCAATAC,224,TTATCATCATGATGGGGGGC,10
DEW169_GTGCCCAT_TAACCATC,120,CGGGAACCTAGAAAGGGTAA,1
DEW169_GTGGTGCT_ACGCCATT,39,ACTACAGACTCGGGTCAAAT,9
DEW169_GTTCTGCT_ATGACTTT,46,AGAGAGGTGTACCGCGTAAT,1
DEW169_GTTCTGCT_ATGACTTT,192,GTTGCCTTCGATATAGCGCC,1
DEW169_GTTCTGCT_CCCGACTT,38,ACGGCTCACAGCTATCGTGA,1
DEW169_GTTCTGCT_CCCGACTT,69,ATGCACCTACGAACGAGATC,3
DEW169_GTTCTGCT_CCCGACTT,72,ATTAACTCAGAATTGCAACC,6
DEW169_GTTCTGCT_CCCGACTT,109,CGATAAATAAAGCCAAATTG,2
DEW169_GTTCTGCT_CCCGACTT,167,GCGAAAAAGCCTTTGGTCCG,1
DEW169_GTTCTGCT_CCCGACTT,187,GTAATAGGAGGCTATCCCAT,2
DEW169_GTTGTCCG_CCATTACT,192,GTTGCCTTCGATATAGCGCC,1
DEW169_GTTGTCCG_TGACCAGT,22,AAGGGCCGTCCGGGCTAGTG,1
DEW169_TAAACCGA_ATGGGCAC,19,AAGCCTAGGATTAGTTCAAT,1
DEW169_TAAACCGA_TCCAGGGA,8,AAAGGGACTCATACACAACC,1
DEW169_TAAACCGA_TCCAGGGA,169,GCGATTTCAAAAGCCCAGTT,1
DEW169_TAACTTCT_ATGGAAAT,39,ACTACAGACTCGGGTCAAAT,1
DEW169_TAACTTCT_CGGCACAT,27,CGTAGCTGACATGGACTAAG,1
DEW169_TAAGGGCC_AAACCTCC,103,CCCTTCACTCACGCTACGAA,4
DEW169_TAAGGGCC_ATCAAGTG,199,TAAGCACGGTTTAAGAACCG,1
DEW169_TAATCCAT_CTGTCTGG,95,CCAGTTAAGCGGTGAGTCTG,1
DEW169_TAATGTGG_AGTGATGC,64,ATAACTCAGCACAGAAGGTC,16
DEW169_TAATGTGG_AGTGATGC,119,CGGCACGTAAAAAAGTGGCG,2
DEW169_TAATGTGG_AGTGATGC,167,GCGAAAAAGCCTTTGGTCCG,9
DEW169_TAATGTGG_CATCTCCC,178,GGAGATTAATTGGATGTTGA,1
DEW169_TAATGTGG_TGGCCTGT,46,AGAGAGGTGTACCGCGTAAT,1
DEW169_TACCCTGC_ACTGCCGT,173,GCTTAACCTGGTCAGGCGGA,1
DEW169_TACCCTGC_ATACTCTT,32,ACACGCAATGAGGCAGAGTA,6
DEW169_TACCCTGC_ATACTCTT,65,ATAATCTGCGGCACGGTGGC,6
DEW169_TACCCTGC_CGTGCTAG,12,AACATGTACTGTTATGGTCA,1
DEW169_TACCCTGC_CGTGCTAG,119,CGGCACGTAAAAAAGTGGCG,1
DEW169_TACCCTGC_TAACCATC,39,ACTACAGACTCGGGTCAAAT,1
DEW169_TACCCTGC_TAACCATC,215,TGCCCCAGAAGCAGGGTAGG,1
DEW169_TACCCTGC_TTGGCGTT,8,AAAGGGACTCATACACAACC,8
DEW169_TACCCTGC_TTGGCGTT,130,CTACCAATGGATATAAGA,15
DEW169_TACCCTGC_TTGGCGTT,135,CTCACGGCGCGCGAGAACAT,8
DEW169_TACCCTGC_TTGGCGTT,191,GTGTTGAGAAGTCTAGGACC,5
DEW169_TACCGCTC_TGACGGAC,11,AACACATAACTCAGAATGGT,1
DEW169_TACCGCTC_TGTACACG,39,ACTACAGACTCGGGTCAAAT,1
DEW169_TACCGCTC_TTCCGCTC,130,CTACCAATGGATATAAGA,1
DEW169_TACCTCCC_GGATAAAG,27,CGTAGCTGACATGGACTAAG,1
DEW169_TACCTCCC_GTGGAGCT,199,TAAGCACGGTTTAAGAACCG,1
DEW169_TAGATCAA_AAGCGTAC,27,CGTAGCTGACATGGACTAAG,5
DEW169_TAGATCAA_GGTTTCTC,119,CGGCACGTAAAAAAGTGGCG,20
DEW169_TAGCCACA_GACAGATA,130,CTACCAATGGATATAAGA,1
DEW169_TAGCCACA_GACAGATA,173,GCTTAACCTGGTCAGGCGGA,1
DEW169_TAGCCACA_GTCCATGT,27,CGTAGCTGACATGGACTAAG,2
DEW169_TAGGCTTT_TGAAATGA,12,AACATGTACTGTTATGGTCA,1
DEW169_TAGGCTTT_TTGTGACT,49,AGCAATCGAGGAGCTAGCTC,1
DEW169_TAGGCTTT_TTGTGACT,167,GCGAAAAAGCCTTTGGTCCG,1
DEW169_TAGGTACG_TTCGCTGG,202,TACACAAGGAAGCAGTATAA,1
DEW169_TAGTAGCC_AGGATTCA,167,GCGAAAAAGCCTTTGGTCCG,1
DEW169_TAGTAGCC_AGGATTCA,172,GCGTCGTAACCTATATAAGG,1
DEW169_TAGTAGCC_GTTGTCAT,28,AATCGTATGTACATGCATCC,1
DEW169_TAGTAGCC_GTTGTCAT,49,AGCAATCGAGGAGCTAGCTC,5
DEW169_TAGTAGCC_TCATATGG,67,ATCAGCAGGGCTAAGCTATT,5
DEW169_TAGTAGCC_TGAGGTCT,27,CGTAGCTGACATGGACTAAG,1
DEW169_TATCCACG_CGGGTAGT,135,CTCACGGCGCGCGAGAACAT,1
DEW169_TATCCACG_TACGTGCT,64,ATAACTCAGCACAGAAGGTC,1
DEW169_TATCCACG_TACGTGCT,192,GTTGCCTTCGATATAGCGCC,1
DEW169_TATCTGTC_TCATATGG,215,TGCCCCAGAAGCAGGGTAGG,1
DEW169_TATGTGAA_AGAGACTA,199,TAAGCACGGTTTAAGAACCG,1
DEW169_TATGTGAA_TACAGCCG,191,GTGTTGAGAAGTCTAGGACC,1
DEW169_TATGTGAA_TAGTGGAC,79,CACGCCTTGGGACAAGATAT,4
DEW169_TATGTGAA_TGACGGAC,103,CCCTTCACTCACGCTACGAA,6
DEW169_TATTAGCG_CATTTGTT,8,AAAGGGACTCATACACAACC,1
DEW169_TATTAGCG_TCCAGGGA,206,TAGATACCTATGTTTATTAG,1
DEW169_TCAAGGCG_TCCTTATT,101,CCCTCGGGGCCAGGCGATGC,1
DEW169_TCAGCCTC_CTTCTGGA,74,CAAGTATGTAAGATGTGCCG,1
DEW169_TCATAGCT_CAAGAGGG,12,AACATGTACTGTTATGGTCA,1
DEW169_TCATAGCT_GATCTCGG,192,GTTGCCTTCGATATAGCGCC,9
DEW169_TCATAGCT_GCCAAGAT,74,CAAGTATGTAAGATGTGCCG,1
DEW169_TCCTATAT_AAGTAATC,27,CGTAGCTGACATGGACTAAG,1
DEW169_TCGACTGC_AGCTACGG,27,CGTAGCTGACATGGACTAAG,4
DEW169_TCGACTGC_CCCAAGCA,8,AAAGGGACTCATACACAACC,1
DEW169_TCGAGTTT_AAGCTTCT,94,CCAGGGCGGAAAATAAGGAG,6
DEW169_TCGAGTTT_AGAGACTA,27,CGTAGCTGACATGGACTAAG,1
DEW169_TCGCAATC_CGTATTTC,101,CCCTCGGGGCCAGGCGATGC,1
DEW169_TCTAAACT_CCTCGTCT,27,CGTAGCTGACATGGACTAAG,1
DEW169_TCTAAACT_TCGGTTTA,119,CGGCACGTAAAAAAGTGGCG,1
DEW169_TCTGATTT_TGAAATGA,120,CGGGAACCTAGAAAGGGTAA,1
DEW169_TCTTTGAC_ATGGATTA,167,GCGAAAAAGCCTTTGGTCCG,1
DEW169_TCTTTGAC_TACAGCCG,202,TACACAAGGAAGCAGTATAA,1
DEW169_TGAATAGG_TATTGCCT,103,CCCTTCACTCACGCTACGAA,1
DEW169_TGAATCCT_CTTACTCC,119,CGGCACGTAAAAAAGTGGCG,6
DEW169_TGAGAGCG_TACAGCCG,9,AAATCTTAAGAGGAGAGCTT,1
DEW169_TGCACCAG_CCACATTA,27,CGTAGCTGACATGGACTAAG,1
DEW169_TGCACCAG_CCACATTA,46,AGAGAGGTGTACCGCGTAAT,1
DEW169_TGCACCAG_CCACATTA,192,GTTGCCTTCGATATAGCGCC,1
DEW169_TGCACCAG_CCAGCAGT,191,GTGTTGAGAAGTCTAGGACC,1
DEW169_TGCCGGTA_CTACTTGT,73,CAAGATGCCAGAGCACTCCA,1
DEW169_TGCCGGTA_CTAGACCC,73,CAAGATGCCAGAGCACTCCA,2
DEW169_TGCGACTA_GCAGCATG,103,CCCTTCACTCACGCTACGAA,1
DEW169_TGCTGACG_AACAATCC,131,CTACGATAAAACAGGCCGAA,1
DEW169_TGCTGACG_GACAAAGG,119,CGGCACGTAAAAAAGTGGCG,1
DEW169_TGGAAAGC_CTTCGCAC,12,AACATGTACTGTTATGGTCA,4
DEW169_TGGAAAGC_CTTCGCAC,101,CCCTCGGGGCCAGGCGATGC,6
DEW169_TGGAAAGC_CTTCGCAC,165,GCCTCCCATCATAAACCCTG,1
DEW169_TGGAAAGC_CTTCGCAC,213,TCGTAGTATATCTCCTTTAT,6
DEW169_TGGAAAGC_GTTAACCA,130,CTACCAATGGATATAAGA,1
DEW169_TGGACGGA_ACTAGGAT,8,AAAGGGACTCATACACAACC,1
DEW169_TGGACGGA_ATGCGGAT,165,GCCTCCCATCATAAACCCTG,1
DEW169_TGGCTAGT_GAGAGTAT,192,GTTGCCTTCGATATAGCGCC,1
DEW169_TGGTGTCT_ATATCTTC,195,TAAAAAGACGACGCTCAGTG,5
DEW169_TGGTGTCT_CTTCGATT,167,GCGAAAAAGCCTTTGGTCCG,1
DEW169_TGGTTAAC_GGGTTGGT,228,TTGGACGCGGATTTCCTTTT,1
DEW169_TGGTTAAC_GTCTCTCT,49,AGCAATCGAGGAGCTAGCTC,1
DEW169_TGGTTAAC_TCGGTTCG,49,AGCAATCGAGGAGCTAGCTC,1
DEW169_TGTTATCA_GTTGTCAT,173,GCTTAACCTGGTCAGGCGGA,1
DEW169_TGTTATCA_TCATATGG,119,CGGCACGTAAAAAAGTGGCG,1
DEW169_TGTTATCA_TCATATGG,187,GTAATAGGAGGCTATCCCAT,1